phylogroup,defense,location,percentage
A,2TM-1TM-TIR,chromosome,4.853073208609352e-05
A,2TM-1TM-TIR,prophage in chromosome,7.279609812914028e-05
A,2TM-1TM-TIR,prophage in unknown,2.426536604304676e-05
A,2TM-1TM-TIR,unknown,2.426536604304676e-05
A,3HP,chromosome,0.0014559219625828056
A,3HP,prophage in chromosome,0.0012617990342384314
A,3HP,prophage in unknown,0.0001213268302152338
A,3HP,unknown,7.279609812914028e-05
A,AVAST I,unknown,2.426536604304676e-05
A,AVAST II,chromosome,0.006551648831622625
A,AVAST II,plasmid,4.853073208609352e-05
A,AVAST II,prophage in chromosome,0.00043677658877484165
A,AVAST II,prophage in unknown,4.853073208609352e-05
A,AVAST II,unknown,0.0007522263473344495
A,AVAST III,chromosome,2.426536604304676e-05
A,AVAST IV,chromosome,0.0119870908252651
A,AVAST IV,plasmid,0.0001213268302152338
A,AVAST IV,prophage in chromosome,2.426536604304676e-05
A,AVAST IV,prophage in plasmid,2.426536604304676e-05
A,AVAST IV,unknown,0.0007522263473344495
A,AVAST V,chromosome,0.00026691902647351436
A,AVAST V,unknown,0.0001213268302152338
A,Abi2,chromosome,2.426536604304676e-05
A,AbiD,chromosome,0.00434350052170537
A,AbiD,plasmid,0.0016257795248841328
A,AbiD,prophage in chromosome,0.00021838829438742082
A,AbiD,prophage in unknown,2.426536604304676e-05
A,AbiD,unknown,0.0006551648831622625
A,AbiE,chromosome,0.0032030283176821724
A,AbiE,plasmid,0.0012860644002814783
A,AbiE,unknown,0.00026691902647351436
A,AbiH,chromosome,0.0007522263473344495
A,AbiH,prophage in chromosome,0.0001213268302152338
A,AbiL,chromosome,0.00043677658877484165
A,AbiL,plasmid,0.0004853073208609352
A,AbiL,prophage in chromosome,0.00031544975855960785
A,AbiL,prophage in unknown,2.426536604304676e-05
A,AbiL,unknown,4.853073208609352e-05
A,AbiQ,chromosome,9.706146417218704e-05
A,AbiQ,plasmid,0.0004610419548178884
A,AbiQ,unknown,0.0001698575623013273
A,AbiU,chromosome,0.0013588604984106185
A,AbiU,plasmid,4.853073208609352e-05
A,AbiU,prophage in chromosome,0.0018441678192715537
A,AbiU,prophage in unknown,0.00021838829438742082
A,AbiU,unknown,0.0001698575623013273
A,ApeA,chromosome,9.706146417218704e-05
A,ApeA,prophage in chromosome,4.853073208609352e-05
A,ApeA,unknown,2.426536604304676e-05
A,Argonaute II,chromosome,0.0001213268302152338
A,BREX,chromosome,4.853073208609352e-05
A,BREX I,chromosome,0.005338380529470287
A,BREX I,plasmid,0.0012375336681953847
A,BREX I,unknown,0.0005823687850331223
A,BREX III,chromosome,2.426536604304676e-05
A,Borvo,chromosome,0.00031544975855960785
A,Borvo,prophage in chromosome,7.279609812914028e-05
A,Borvo,unknown,2.426536604304676e-05
A,BstA,chromosome,0.0008735531775496833
A,BstA,prophage in chromosome,0.001310329766324525
A,BstA,prophage in unknown,0.0003639804906457014
A,BstA,unknown,0.0001213268302152338
A,CBASS I,chromosome,0.01489893475043071
A,CBASS I,plasmid,0.010118657639950498
A,CBASS I,prophage in chromosome,0.0010676761058940575
A,CBASS I,prophage in plasmid,2.426536604304676e-05
A,CBASS I,prophage in unknown,0.00026691902647351436
A,CBASS I,unknown,0.0057751571182451285
A,CBASS II,chromosome,0.005265584431341147
A,CBASS II,plasmid,0.00014559219625828057
A,CBASS II,unknown,0.00043677658877484165
A,CRISPR,chromosome,2.426536604304676e-05
A,CRISPR I-E,chromosome,0.10128363786367717
A,CRISPR I-E,prophage in chromosome,2.426536604304676e-05
A,CRISPR I-E,unknown,0.01077382252311276
A,DRT I,chromosome,0.0017956370871854601
A,DRT I,prophage in chromosome,0.000994880007764917
A,DRT I,prophage in unknown,7.279609812914028e-05
A,DRT I,unknown,0.0007522263473344495
A,DRT II,chromosome,0.002135352211788115
A,DRT II,plasmid,2.426536604304676e-05
A,DRT II,prophage in chromosome,0.00041251122273179493
A,DRT II,prophage in unknown,9.706146417218704e-05
A,DRT II,unknown,0.0006308995171192157
A,DRT III,chromosome,0.0037611317366722475
A,DRT III,plasmid,4.853073208609352e-05
A,DRT III,prophage in chromosome,9.706146417218704e-05
A,DRT III,prophage in unknown,4.853073208609352e-05
A,DRT III,unknown,0.00021838829438742082
A,DUF4238,chromosome,0.000509572686903982
A,DUF4238,prophage in chromosome,0.00031544975855960785
A,DUF4238,prophage in unknown,7.279609812914028e-05
A,DUF4238,unknown,4.853073208609352e-05
A,Dazbog,chromosome,2.426536604304676e-05
A,Dazbog,unknown,2.426536604304676e-05
A,Dnd_ABCDE,chromosome,0.007619324937516683
A,Dnd_ABCDE,unknown,0.0004853073208609352
A,Dnd_FGH,chromosome,0.007546528839387542
A,Dnd_FGH,unknown,0.0004853073208609352
A,Dpd,chromosome,0.00696416005435442
A,Dpd,prophage in chromosome,2.426536604304676e-05
A,Dpd,unknown,0.00019412292834437408
A,DprA-PRTase,chromosome,0.0007522263473344495
A,DprA-PRTase,prophage in chromosome,0.00041251122273179493
A,DprA-PRTase,prophage in unknown,2.426536604304676e-05
A,DprA-PRTase,unknown,0.00014559219625828057
A,Druantia I,chromosome,0.000994880007764917
A,Druantia I,unknown,7.279609812914028e-05
A,Druantia III,chromosome,0.01205988692339424
A,Druantia III,plasmid,2.426536604304676e-05
A,Druantia III,prophage in chromosome,2.426536604304676e-05
A,Druantia III,unknown,0.001116206837980151
A,Dynamins,chromosome,0.0003397151246026546
A,Dynamins,unknown,0.0001213268302152338
A,GAO_19,chromosome,0.002208148309917255
A,GAO_19,plasmid,0.0020625561136589747
A,GAO_19,prophage in chromosome,0.0012860644002814783
A,GAO_19,prophage in unknown,7.279609812914028e-05
A,GAO_19,unknown,0.00019412292834437408
A,GAO_20,chromosome,0.00041251122273179493
A,GAO_20,unknown,7.279609812914028e-05
A,GAO_29,chromosome,0.00026691902647351436
A,Gabija,chromosome,0.011283395210016743
A,Gabija,plasmid,0.016087937686540002
A,Gabija,prophage in chromosome,0.00019412292834437408
A,Gabija,prophage in plasmid,2.426536604304676e-05
A,Gabija,unknown,0.002863313193079518
A,Hachiman I,chromosome,0.019363762102351315
A,Hachiman I,plasmid,9.706146417218704e-05
A,Hachiman I,prophage in chromosome,4.853073208609352e-05
A,Hachiman I,unknown,0.0005823687850331223
A,Helicase-DUF2290,chromosome,0.0008735531775496833
A,Helicase-DUF2290,plasmid,2.426536604304676e-05
A,Helicase-DUF2290,prophage in chromosome,2.426536604304676e-05
A,Helicase-DUF2290,unknown,0.00019412292834437408
A,Hydrolase-TM,chromosome,0.0008978185435927301
A,Hydrolase-TM,unknown,0.00038824585668874816
A,Kiwa,chromosome,0.007231079080827934
A,Kiwa,plasmid,0.0004853073208609352
A,Kiwa,prophage in chromosome,0.001116206837980151
A,Kiwa,unknown,0.0010434107398510106
A,Lamassu I,chromosome,0.001213268302152338
A,Lamassu I,prophage in chromosome,0.0004853073208609352
A,Lamassu I,unknown,0.00014559219625828057
A,Lamassu II,chromosome,0.0003397151246026546
A,Lamassu II,unknown,2.426536604304676e-05
A,Lamassu-Fam,chromosome,0.0005338380529470287
A,Lamassu-Fam,prophage in chromosome,7.279609812914028e-05
A,Lamassu-Fam,unknown,2.426536604304676e-05
A,Lit,chromosome,0.004877338574652399
A,Lit,prophage in chromosome,0.002426536604304676
A,Lit,prophage in unknown,4.853073208609352e-05
A,Lit,unknown,9.706146417218704e-05
A,Menshen,chromosome,0.0001213268302152338
A,Menshen,prophage in chromosome,2.426536604304676e-05
A,Mokosh I,chromosome,0.00021838829438742082
A,Mokosh I,plasmid,4.853073208609352e-05
A,Mokosh I,unknown,4.853073208609352e-05
A,Mokosh II,chromosome,0.002014025381572881
A,Mokosh II,unknown,0.0001213268302152338
A,PARIS,chromosome,0.0013588604984106185
A,PARIS,plasmid,0.0003397151246026546
A,PARIS,prophage in chromosome,0.00172284098905632
A,PARIS,prophage in unknown,4.853073208609352e-05
A,PARIS,unknown,0.00026691902647351436
A,PARIS II,chromosome,4.853073208609352e-05
A,PifA,chromosome,0.0015772487927980393
A,PifA,plasmid,0.0063332605372352045
A,PifA,prophage in chromosome,4.853073208609352e-05
A,PifA,unknown,0.0009463492756788236
A,PrrC,chromosome,0.0015529834267549926
A,PrrC,plasmid,4.853073208609352e-05
A,PrrC,prophage in chromosome,2.426536604304676e-05
A,PrrC,prophage in plasmid,0.0002426536604304676
A,PrrC,unknown,7.279609812914028e-05
A,PsyrTA,chromosome,0.00014559219625828057
A,Pycsar,chromosome,0.000509572686903982
A,Pycsar,plasmid,0.0001213268302152338
A,Pycsar,prophage in chromosome,0.0002426536604304676
A,Pycsar,unknown,0.0001213268302152338
A,RADAR,chromosome,0.00029118439251656113
A,RADAR,unknown,9.706146417218704e-05
A,RM I,chromosome,0.12001650044890927
A,RM I,plasmid,0.007643590303559729
A,RM I,prophage in chromosome,0.002232413675960302
A,RM I,prophage in plasmid,0.006090606876804737
A,RM I,prophage in unknown,0.00038824585668874816
A,RM I,unknown,0.016670306471573124
A,RM II,chromosome,0.1619713183373371
A,RM II,plasmid,0.015141588410861178
A,RM II,prophage in chromosome,0.003930989298973575
A,RM II,prophage in plasmid,2.426536604304676e-05
A,RM II,prophage in unknown,0.0002426536604304676
A,RM II,unknown,0.01967921186091092
A,RM IIG,chromosome,0.016718837203659218
A,RM IIG,plasmid,0.0008492878115066366
A,RM IIG,prophage in chromosome,0.00041251122273179493
A,RM IIG,prophage in plasmid,2.426536604304676e-05
A,RM IIG,prophage in unknown,4.853073208609352e-05
A,RM IIG,unknown,0.0009706146417218704
A,RM III,chromosome,0.015481303535463833
A,RM III,plasmid,0.004464827351920604
A,RM III,prophage in chromosome,0.0001698575623013273
A,RM III,prophage in plasmid,0.0016015141588410862
A,RM III,prophage in unknown,7.279609812914028e-05
A,RM III,unknown,0.005435441993642474
A,RM IV,chromosome,0.07973599281745165
A,RM IV,plasmid,0.0008735531775496833
A,RM IV,prophage in chromosome,0.005338380529470287
A,RM IV,prophage in unknown,0.0005338380529470287
A,RM IV,unknown,0.010361311300380966
A,Retron I-A,chromosome,0.0015287180607119458
A,Retron I-A,prophage in chromosome,0.0007522263473344495
A,Retron I-A,prophage in unknown,4.853073208609352e-05
A,Retron I-A,unknown,0.00021838829438742082
A,Retron I-B,chromosome,0.002014025381572881
A,Retron I-B,prophage in chromosome,0.0003639804906457014
A,Retron I-B,prophage in unknown,2.426536604304676e-05
A,Retron I-B,unknown,7.279609812914028e-05
A,Retron I-C,chromosome,0.0012617990342384314
A,Retron I-C,prophage in chromosome,0.0010676761058940575
A,Retron I-C,prophage in unknown,7.279609812914028e-05
A,Retron I-C,unknown,0.00019412292834437408
A,Retron II-A,chromosome,0.01227827521778166
A,Retron II-A,prophage in chromosome,0.0008250224454635899
A,Retron II-A,prophage in unknown,4.853073208609352e-05
A,Retron II-A,unknown,0.0006308995171192157
A,Retron III-A,chromosome,0.0001698575623013273
A,Retron III-A,prophage in chromosome,0.0001213268302152338
A,Retron III-A,unknown,4.853073208609352e-05
A,Retron IV,chromosome,0.0005581034189900755
A,Retron IV,prophage in chromosome,0.0005581034189900755
A,Retron IV,prophage in unknown,4.853073208609352e-05
A,Retron IV,unknown,2.426536604304676e-05
A,Retron IX,chromosome,2.426536604304676e-05
A,Retron IX,prophage in chromosome,9.706146417218704e-05
A,Retron V,chromosome,2.426536604304676e-05
A,Retron V,plasmid,0.0007764917133774963
A,Retron V,unknown,2.426536604304676e-05
A,Retron VI,chromosome,0.00031544975855960785
A,Retron VI,plasmid,2.426536604304676e-05
A,Retron VI,prophage in chromosome,2.426536604304676e-05
A,Retron VI,unknown,0.000606634151076169
A,Retron XII,chromosome,0.002523598068476863
A,Retron XII,prophage in chromosome,0.000703695615248356
A,Retron XII,prophage in unknown,2.426536604304676e-05
A,Retron XII,unknown,0.0005338380529470287
A,RexAB,chromosome,0.0027662517289073307
A,RexAB,plasmid,0.0003397151246026546
A,RexAB,prophage in chromosome,0.0031059668535099853
A,RexAB,prophage in unknown,4.853073208609352e-05
A,RexAB,unknown,2.426536604304676e-05
A,RosmerTA,chromosome,0.00041251122273179493
A,RosmerTA,prophage in chromosome,9.706146417218704e-05
A,RosmerTA,prophage in unknown,2.426536604304676e-05
A,RosmerTA,unknown,7.279609812914028e-05
A,SEFIR,chromosome,0.0001698575623013273
A,SEFIR,plasmid,0.00021838829438742082
A,SEFIR,prophage in chromosome,4.853073208609352e-05
A,SEFIR,unknown,2.426536604304676e-05
A,Septu,chromosome,4.853073208609352e-05
A,Septu I,chromosome,0.004950134672781539
A,Septu I,plasmid,0.0001213268302152338
A,Septu I,prophage in chromosome,0.0004853073208609352
A,Septu I,prophage in unknown,9.706146417218704e-05
A,Septu I,unknown,0.00041251122273179493
A,Shango,chromosome,0.00031544975855960785
A,Shango,plasmid,4.853073208609352e-05
A,Shango,unknown,2.426536604304676e-05
A,Shedu,chromosome,0.0013345951323675718
A,Shedu,plasmid,0.0006308995171192157
A,Shedu,prophage in chromosome,0.0001213268302152338
A,Shedu,prophage in unknown,4.853073208609352e-05
A,Shedu,unknown,0.00014559219625828057
A,ShosTA,chromosome,4.853073208609352e-05
A,ShosTA,unknown,2.426536604304676e-05
A,SoFic,chromosome,0.0004853073208609352
A,SoFic,unknown,4.853073208609352e-05
A,SspABCD,chromosome,0.0003639804906457014
A,SspABCD,unknown,2.426536604304676e-05
A,SspE,chromosome,0.00038824585668874816
A,SspE,unknown,2.426536604304676e-05
A,TIR-NLR,chromosome,0.000606634151076169
A,TIR-NLR,prophage in chromosome,4.853073208609352e-05
A,TIR-NLR,unknown,2.426536604304676e-05
A,TerY-P,chromosome,0.0005338380529470287
A,TerY-P,unknown,2.426536604304676e-05
A,Thoeris I,chromosome,0.003227293683725219
A,Thoeris I,plasmid,0.0002426536604304676
A,Thoeris I,prophage in chromosome,2.426536604304676e-05
A,Thoeris I,unknown,0.00021838829438742082
A,Viperin,plasmid,2.426536604304676e-05
A,Wadjet I,chromosome,4.853073208609352e-05
A,Wadjet I,unknown,2.426536604304676e-05
A,Zorya I,chromosome,0.003324355147897406
A,Zorya I,plasmid,2.426536604304676e-05
A,Zorya I,unknown,0.0002426536604304676
A,Zorya II,chromosome,0.006551648831622625
A,Zorya II,plasmid,2.426536604304676e-05
A,Zorya II,unknown,0.00031544975855960785
A,cas_adaptation,chromosome,0.0029846400232947513
A,cas_adaptation,unknown,0.0001213268302152338
A,dCTPdeaminase,chromosome,0.000994880007764917
A,dCTPdeaminase,plasmid,0.0003397151246026546
A,dCTPdeaminase,prophage in chromosome,0.0003639804906457014
A,dCTPdeaminase,unknown,9.706146417218704e-05
A,dXTPase,chromosome,0.008007570794205431
A,dXTPase,plasmid,0.0016257795248841328
A,dXTPase,prophage in chromosome,0.0001698575623013273
A,dXTPase,prophage in plasmid,0.000606634151076169
A,dXTPase,prophage in unknown,4.853073208609352e-05
A,dXTPase,unknown,0.0009220839096357768
A,darTG,chromosome,0.003008905389337798
A,darTG,prophage in chromosome,0.0007764917133774963
A,darTG,prophage in unknown,2.426536604304676e-05
A,darTG,unknown,0.00043677658877484165
A,dsr I,chromosome,0.0009220839096357768
A,dsr I,prophage in chromosome,0.0008007570794205431
A,dsr I,prophage in unknown,7.279609812914028e-05
A,dsr I,unknown,4.853073208609352e-05
A,dsr II,chromosome,0.0001698575623013273
A,dsr II,unknown,9.706146417218704e-05
A,gop_beta_cll,chromosome,0.0004610419548178884
A,gop_beta_cll,unknown,7.279609812914028e-05
A,hhe,chromosome,0.014170973769139308
A,hhe,plasmid,0.0004610419548178884
A,hhe,prophage in chromosome,0.00043677658877484165
A,hhe,prophage in unknown,4.853073208609352e-05
A,hhe,unknown,0.0015772487927980393
A,hma,chromosome,0.0006551648831622625
A,hma,prophage in chromosome,4.853073208609352e-05
A,hma,unknown,9.706146417218704e-05
A,ietAS,chromosome,0.012254009851738613
A,ietAS,plasmid,0.0001213268302152338
A,ietAS,prophage in chromosome,0.0033000897818543594
A,ietAS,prophage in unknown,0.00029118439251656113
A,ietAS,unknown,0.001310329766324525
A,mza,chromosome,0.005071461502996773
A,mza,unknown,0.00014559219625828057
A,old,chromosome,0.00026691902647351436
A,old,prophage in chromosome,0.0009706146417218704
A,old,prophage in unknown,2.426536604304676e-05
A,old,unknown,7.279609812914028e-05
A,ppl,chromosome,0.0008978185435927301
A,ppl,plasmid,0.005556768823857708
A,ppl,prophage in chromosome,0.0001213268302152338
A,ppl,unknown,0.0005338380529470287
A,qatABCD,chromosome,0.005071461502996773
A,qatABCD,unknown,0.0008978185435927301
A,tin,chromosome,0.0001213268302152338
A,tin,prophage in chromosome,0.0005581034189900755
A,tin,unknown,7.279609812914028e-05
A,tmn,chromosome,0.0010919414719371041
A,tmn,plasmid,0.008007570794205431
A,tmn,unknown,0.0006308995171192157
B1,2TM-1TM-TIR,chromosome,0.00018935409215232484
B1,2TM-1TM-TIR,prophage in chromosome,0.000273511466442247
B1,2TM-1TM-TIR,prophage in unknown,4.2078687144961075e-05
B1,2TM-1TM-TIR,unknown,2.1039343572480537e-05
B1,3HP,chromosome,0.0007153376814643383
B1,3HP,prophage in chromosome,0.0009046917736166631
B1,3HP,prophage in unknown,4.2078687144961075e-05
B1,3HP,unknown,6.311803071744161e-05
B1,AVAST II,chromosome,0.0026088786029875867
B1,AVAST II,plasmid,6.311803071744161e-05
B1,AVAST II,prophage in chromosome,0.00018935409215232484
B1,AVAST II,unknown,0.000273511466442247
B1,AVAST III,chromosome,4.2078687144961075e-05
B1,AVAST IV,chromosome,0.0020197769829581316
B1,AVAST IV,plasmid,6.311803071744161e-05
B1,AVAST IV,unknown,0.00012623606143488322
B1,AVAST V,plasmid,6.311803071744161e-05
B1,AbiD,chromosome,0.005280875236692615
B1,AbiD,plasmid,0.0015358720807910793
B1,AbiD,prophage in chromosome,4.2078687144961075e-05
B1,AbiD,prophage in unknown,2.1039343572480537e-05
B1,AbiD,unknown,0.0004418262150220913
B1,AbiE,chromosome,0.022112350094677047
B1,AbiE,plasmid,0.0010309278350515464
B1,AbiE,unknown,0.003197980223017042
B1,AbiEii,chromosome,0.00012623606143488322
B1,AbiH,chromosome,0.0018935409215232485
B1,AbiH,prophage in chromosome,0.00025247212286976645
B1,AbiH,prophage in unknown,4.2078687144961075e-05
B1,AbiH,unknown,0.0006522196507468967
B1,AbiL,chromosome,0.004607616242373238
B1,AbiL,plasmid,0.0006942983378918578
B1,AbiL,prophage in chromosome,0.0011150852093414685
B1,AbiL,prophage in unknown,0.00014727540500736376
B1,AbiL,unknown,0.0006101409636019357
B1,AbiQ,chromosome,4.2078687144961075e-05
B1,AbiQ,plasmid,0.0013465179886387544
B1,AbiQ,unknown,0.000589101620029455
B1,AbiU,chromosome,0.0037029244687565746
B1,AbiU,plasmid,0.00010519671786240269
B1,AbiU,prophage in chromosome,0.0018935409215232485
B1,AbiU,prophage in unknown,0.0001683147485798443
B1,AbiU,unknown,0.0007363770250368188
B1,ApeA,chromosome,0.00042078687144961075
B1,ApeA,plasmid,2.1039343572480537e-05
B1,ApeA,prophage in chromosome,0.00018935409215232484
B1,ApeA,unknown,0.00035766884073216916
B1,Argonaute II,chromosome,2.1039343572480537e-05
B1,Argonaute II,unknown,0.00014727540500736376
B1,Argonaute_solo,chromosome,0.0003155901535872081
B1,Argonaute_solo,unknown,0.0004628655585945718
B1,BREX I,chromosome,0.0101620029455081
B1,BREX I,plasmid,0.001051967178624027
B1,BREX I,unknown,0.0017883442036608459
B1,BREX III,chromosome,8.415737428992215e-05
B1,Borvo,chromosome,0.0002314327792972859
B1,Borvo,prophage in chromosome,0.00014727540500736376
B1,Borvo,prophage in unknown,2.1039343572480537e-05
B1,Borvo,unknown,6.311803071744161e-05
B1,BstA,chromosome,0.0026088786029875867
B1,BstA,prophage in chromosome,0.006416999789606565
B1,BstA,prophage in unknown,0.00077845571218178
B1,BstA,unknown,0.00039974752787713024
B1,CBASS I,chromosome,0.010687986534820114
B1,CBASS I,plasmid,0.010288239006942984
B1,CBASS I,prophage in chromosome,0.0007994950557542605
B1,CBASS I,prophage in unknown,8.415737428992215e-05
B1,CBASS I,unknown,0.001830422890805807
B1,CBASS II,chromosome,0.0033031769408794443
B1,CBASS II,plasmid,4.2078687144961075e-05
B1,CBASS II,unknown,0.0001683147485798443
B1,CRISPR I-E,chromosome,0.12556280244056386
B1,CRISPR I-E,unknown,0.017273301073006522
B1,CRISPR I-F,chromosome,0.003324216284451925
B1,CRISPR I-F,unknown,0.0013465179886387544
B1,DRT I,chromosome,0.011045655375552283
B1,DRT I,prophage in chromosome,0.0017883442036608459
B1,DRT I,prophage in unknown,0.0003155901535872081
B1,DRT I,unknown,0.001451714706501157
B1,DRT II,chromosome,0.003745003155901536
B1,DRT II,plasmid,8.415737428992215e-05
B1,DRT II,prophage in chromosome,0.0004418262150220913
B1,DRT II,prophage in unknown,8.415737428992215e-05
B1,DRT II,unknown,0.000547022932884494
B1,DRT III,chromosome,0.004207868714496108
B1,DRT III,prophage in chromosome,0.0004839049021670524
B1,DRT III,unknown,0.0007363770250368188
B1,DUF4238,chromosome,0.0003787081843046497
B1,DUF4238,prophage in chromosome,0.000820534399326741
B1,DUF4238,prophage in unknown,0.00012623606143488322
B1,Dazbog,chromosome,2.1039343572480537e-05
B1,Dazbog,prophage in chromosome,2.1039343572480537e-05
B1,Dnd_ABCDE,chromosome,0.011024616031979802
B1,Dnd_ABCDE,unknown,0.0011571638964864297
B1,Dnd_FGH,chromosome,0.010645907847675152
B1,Dnd_FGH,unknown,0.001094045865768988
B1,Dpd,chromosome,0.014538186408584052
B1,Dpd,unknown,0.0017673048600883653
B1,DprA-PRTase,chromosome,0.0005680622764569745
B1,DprA-PRTase,prophage in chromosome,0.00039974752787713024
B1,DprA-PRTase,prophage in unknown,0.00014727540500736376
B1,DprA-PRTase,unknown,0.00021039343572480537
B1,Druantia I,chromosome,0.0031769408794445615
B1,Druantia I,unknown,0.0003366294971596886
B1,Druantia III,chromosome,0.005659583420997265
B1,Druantia III,plasmid,2.1039343572480537e-05
B1,Druantia III,unknown,0.0016621081422259626
B1,Dynamins,chromosome,0.0001683147485798443
B1,Dynamins,unknown,2.1039343572480537e-05
B1,GAO_19,chromosome,0.0030507048180096782
B1,GAO_19,plasmid,0.002188091731537976
B1,GAO_19,prophage in chromosome,0.002272249105827898
B1,GAO_19,prophage in unknown,0.00035766884073216916
B1,GAO_19,unknown,0.0007574163686092993
B1,GAO_20,chromosome,0.0003155901535872081
B1,GAO_29,chromosome,0.0029665474437197558
B1,GAO_29,unknown,0.0003787081843046497
B1,Gabija,chromosome,0.011129812749842205
B1,Gabija,plasmid,0.012350094677046076
B1,Gabija,prophage in chromosome,0.0002314327792972859
B1,Gabija,prophage in unknown,2.1039343572480537e-05
B1,Gabija,unknown,0.006374921102461603
B1,Hachiman I,chromosome,0.004544498211655796
B1,Hachiman I,prophage in chromosome,0.000273511466442247
B1,Hachiman I,unknown,0.00025247212286976645
B1,Helicase-DUF2290,chromosome,0.0016200294550810016
B1,Helicase-DUF2290,plasmid,2.1039343572480537e-05
B1,Helicase-DUF2290,prophage in chromosome,2.1039343572480537e-05
B1,Helicase-DUF2290,unknown,0.00014727540500736376
B1,Hydrolase-TM,chromosome,0.0005049442457395329
B1,Hydrolase-TM,unknown,2.1039343572480537e-05
B1,Kiwa,chromosome,0.009657058699768567
B1,Kiwa,plasmid,0.00018935409215232484
B1,Kiwa,prophage in chromosome,0.0022512097622554177
B1,Kiwa,prophage in unknown,0.00025247212286976645
B1,Kiwa,unknown,0.001136124552913949
B1,Lamassu I,chromosome,0.0018093835472333263
B1,Lamassu I,prophage in chromosome,0.0001683147485798443
B1,Lamassu I,unknown,0.00010519671786240269
B1,Lamassu II,chromosome,0.00010519671786240269
B1,Lamassu-Fam,chromosome,0.00042078687144961075
B1,Lit,chromosome,0.00014727540500736376
B1,Lit,prophage in chromosome,2.1039343572480537e-05
B1,Menshen,chromosome,0.0001683147485798443
B1,Menshen,prophage in chromosome,6.311803071744161e-05
B1,Menshen,unknown,0.00039974752787713024
B1,Mokosh I,chromosome,0.00018935409215232484
B1,Mokosh I,plasmid,2.1039343572480537e-05
B1,Mokosh II,chromosome,0.004397222806648432
B1,Mokosh II,unknown,0.00077845571218178
B1,Nixl,prophage in chromosome,4.2078687144961075e-05
B1,PARIS,chromosome,0.0025667999158426255
B1,PARIS,plasmid,0.0009257311171891436
B1,PARIS,prophage in chromosome,0.0008626130864717021
B1,PARIS,prophage in unknown,0.00021039343572480537
B1,PARIS,unknown,0.0016621081422259626
B1,PARIS II,chromosome,0.0003155901535872081
B1,PARIS II,plasmid,4.2078687144961075e-05
B1,PARIS II,prophage in chromosome,2.1039343572480537e-05
B1,PARIS II,unknown,6.311803071744161e-05
B1,PbeABCD,chromosome,2.1039343572480537e-05
B1,PifA,chromosome,0.0029875867872922366
B1,PifA,plasmid,0.006353881758889123
B1,PifA,prophage in chromosome,8.415737428992215e-05
B1,PifA,unknown,0.00155691142436356
B1,PrrC,chromosome,0.002103934357248054
B1,PrrC,prophage in chromosome,2.1039343572480537e-05
B1,PrrC,prophage in plasmid,6.311803071744161e-05
B1,PrrC,prophage in unknown,4.2078687144961075e-05
B1,PrrC,unknown,0.00021039343572480537
B1,PsyrTA,chromosome,0.0002945508100147275
B1,PsyrTA,unknown,2.1039343572480537e-05
B1,Pycsar,chromosome,0.0004628655585945718
B1,Pycsar,plasmid,0.0002945508100147275
B1,Pycsar,prophage in chromosome,0.000273511466442247
B1,Pycsar,prophage in unknown,2.1039343572480537e-05
B1,Pycsar,unknown,0.0002314327792972859
B1,RADAR,chromosome,0.0006101409636019357
B1,RADAR,unknown,2.1039343572480537e-05
B1,RM I,chromosome,0.09867452135493372
B1,RM I,plasmid,0.007363770250368188
B1,RM I,prophage in chromosome,0.0010098884914790658
B1,RM I,prophage in plasmid,0.0033031769408794443
B1,RM I,prophage in unknown,0.0003366294971596886
B1,RM I,unknown,0.013843888070692194
B1,RM II,chromosome,0.17079739112139702
B1,RM II,plasmid,0.010519671786240269
B1,RM II,prophage in chromosome,0.00782663580896276
B1,RM II,prophage in unknown,0.0009046917736166631
B1,RM II,unknown,0.02453187460551231
B1,RM IIG,chromosome,0.008015989901115085
B1,RM IIG,plasmid,0.0002314327792972859
B1,RM IIG,prophage in chromosome,0.000820534399326741
B1,RM IIG,unknown,0.0007574163686092993
B1,RM III,chromosome,0.009846412791920892
B1,RM III,plasmid,0.004249947401641069
B1,RM III,prophage in chromosome,0.000273511466442247
B1,RM III,prophage in plasmid,0.001914580265095729
B1,RM III,prophage in unknown,0.00014727540500736376
B1,RM III,unknown,0.0025247212286976647
B1,RM IV,chromosome,0.05116768356827267
B1,RM IV,plasmid,8.415737428992215e-05
B1,RM IV,prophage in chromosome,0.005449189985272459
B1,RM IV,prophage in unknown,0.0007363770250368188
B1,RM IV,unknown,0.009046917736166631
B1,Retron I-A,chromosome,0.0003366294971596886
B1,Retron I-A,prophage in chromosome,0.0006311803071744162
B1,Retron I-A,prophage in unknown,2.1039343572480537e-05
B1,Retron I-A,unknown,2.1039343572480537e-05
B1,Retron I-B,chromosome,0.001451714706501157
B1,Retron I-B,prophage in chromosome,0.00025247212286976645
B1,Retron I-B,unknown,4.2078687144961075e-05
B1,Retron I-C,chromosome,0.0026719966337050284
B1,Retron I-C,prophage in chromosome,0.00155691142436356
B1,Retron I-C,prophage in unknown,0.00010519671786240269
B1,Retron I-C,unknown,0.000547022932884494
B1,Retron II-A,chromosome,0.0027561540079949504
B1,Retron II-A,prophage in chromosome,0.0008626130864717021
B1,Retron II-A,prophage in unknown,4.2078687144961075e-05
B1,Retron II-A,unknown,0.00014727540500736376
B1,Retron III-A,chromosome,0.0004628655585945718
B1,Retron III-A,plasmid,4.2078687144961075e-05
B1,Retron III-A,unknown,0.00014727540500736376
B1,Retron IV,chromosome,0.0013885966757837156
B1,Retron IV,prophage in chromosome,0.001598990111508521
B1,Retron IV,prophage in unknown,0.0002314327792972859
B1,Retron IV,unknown,0.00010519671786240269
B1,Retron IX,chromosome,4.2078687144961075e-05
B1,Retron IX,prophage in chromosome,2.1039343572480537e-05
B1,Retron V,chromosome,4.2078687144961075e-05
B1,Retron V,plasmid,0.001094045865768988
B1,Retron V,unknown,4.2078687144961075e-05
B1,Retron VI,chromosome,0.0003787081843046497
B1,Retron VI,unknown,4.2078687144961075e-05
B1,Retron XII,chromosome,0.003597727750894172
B1,Retron XII,prophage in chromosome,0.0004628655585945718
B1,Retron XII,prophage in unknown,2.1039343572480537e-05
B1,Retron XII,unknown,0.0009678098043341048
B1,RexAB,chromosome,0.0009046917736166631
B1,RexAB,plasmid,0.0008626130864717021
B1,RexAB,prophage in chromosome,0.0006311803071744162
B1,RexAB,prophage in unknown,2.1039343572480537e-05
B1,RexAB,unknown,0.00014727540500736376
B1,RosmerTA,chromosome,0.00012623606143488322
B1,RosmerTA,prophage in chromosome,4.2078687144961075e-05
B1,SEFIR,chromosome,8.415737428992215e-05
B1,SEFIR,plasmid,0.00014727540500736376
B1,SEFIR,prophage in chromosome,0.00012623606143488322
B1,SEFIR,prophage in unknown,2.1039343572480537e-05
B1,SEFIR,unknown,2.1039343572480537e-05
B1,Septu,chromosome,4.2078687144961075e-05
B1,Septu,prophage in chromosome,6.311803071744161e-05
B1,Septu,prophage in unknown,8.415737428992215e-05
B1,Septu,unknown,0.00018935409215232484
B1,Septu I,chromosome,0.009825373448348412
B1,Septu I,plasmid,0.0006522196507468967
B1,Septu I,prophage in chromosome,0.00155691142436356
B1,Septu I,prophage in unknown,0.0002945508100147275
B1,Septu I,unknown,0.0015358720807910793
B1,Shango,chromosome,0.000273511466442247
B1,Shedu,chromosome,0.0009678098043341048
B1,Shedu,plasmid,0.0007363770250368188
B1,Shedu,prophage in chromosome,0.00039974752787713024
B1,Shedu,prophage in unknown,8.415737428992215e-05
B1,Shedu,unknown,0.00021039343572480537
B1,ShosTA,chromosome,0.00010519671786240269
B1,ShosTA,prophage in chromosome,6.311803071744161e-05
B1,ShosTA,unknown,2.1039343572480537e-05
B1,SoFic,chromosome,0.0014306753629286767
B1,SoFic,unknown,0.0011571638964864297
B1,SspABCD,chromosome,0.001872501577950768
B1,SspABCD,unknown,0.000273511466442247
B1,SspE,chromosome,0.000589101620029455
B1,SspE,unknown,0.00010519671786240269
B1,SspFGH,chromosome,0.0010309278350515464
B1,SspFGH,unknown,0.00012623606143488322
B1,TIR-NLR,chromosome,0.0002945508100147275
B1,TIR-NLR,prophage in chromosome,2.1039343572480537e-05
B1,TerY-P,chromosome,2.1039343572480537e-05
B1,Thoeris I,chromosome,0.0009046917736166631
B1,Thoeris I,plasmid,0.00018935409215232484
B1,Thoeris I,prophage in chromosome,0.0005259835893120135
B1,Thoeris I,prophage in unknown,2.1039343572480537e-05
B1,Thoeris I,unknown,0.00010519671786240269
B1,Viperin,plasmid,0.0003787081843046497
B1,Viperin,unknown,0.00010519671786240269
B1,Zorya I,chromosome,0.0026719966337050284
B1,Zorya I,unknown,0.0012833999579213128
B1,Zorya II,chromosome,0.0016621081422259626
B1,Zorya II,plasmid,2.1039343572480537e-05
B1,Zorya II,unknown,0.00025247212286976645
B1,cas_adaptation,chromosome,0.00042078687144961075
B1,cas_adaptation,unknown,2.1039343572480537e-05
B1,dCTPdeaminase,chromosome,0.0008836524300441826
B1,dCTPdeaminase,plasmid,6.311803071744161e-05
B1,dCTPdeaminase,prophage in chromosome,0.00018935409215232484
B1,dCTPdeaminase,prophage in unknown,0.00025247212286976645
B1,dCTPdeaminase,unknown,0.000547022932884494
B1,dXTPase,chromosome,0.008647170208289501
B1,dXTPase,plasmid,0.0017673048600883653
B1,dXTPase,prophage in chromosome,0.0006732589943193772
B1,dXTPase,prophage in plasmid,0.001051967178624027
B1,dXTPase,prophage in unknown,0.0001683147485798443
B1,dXTPase,unknown,0.0013044393014937934
B1,darTG,chromosome,0.008121186618977488
B1,darTG,prophage in chromosome,0.00039974752787713024
B1,darTG,prophage in unknown,2.1039343572480537e-05
B1,darTG,unknown,0.00035766884073216916
B1,dsr I,chromosome,0.0022932884494003786
B1,dsr I,prophage in chromosome,0.0012833999579213128
B1,dsr I,prophage in unknown,6.311803071744161e-05
B1,dsr I,unknown,0.00012623606143488322
B1,dsr II,chromosome,4.2078687144961075e-05
B1,gop_beta_cll,chromosome,0.0018514622343782873
B1,gop_beta_cll,unknown,0.0007994950557542605
B1,hhe,chromosome,0.0029875867872922366
B1,hhe,plasmid,4.2078687144961075e-05
B1,hhe,prophage in chromosome,0.00035766884073216916
B1,hhe,unknown,0.00021039343572480537
B1,hma,chromosome,0.0001683147485798443
B1,ietAS,chromosome,0.006164527666736798
B1,ietAS,plasmid,4.2078687144961075e-05
B1,ietAS,prophage in chromosome,0.00509152114454029
B1,ietAS,prophage in unknown,0.0009046917736166631
B1,ietAS,unknown,0.0029665474437197558
B1,mza,chromosome,0.0003155901535872081
B1,mza,unknown,2.1039343572480537e-05
B1,old,chromosome,0.0006101409636019357
B1,old,prophage in chromosome,0.0007153376814643383
B1,old,prophage in unknown,0.00010519671786240269
B1,old,unknown,6.311803071744161e-05
B1,ppl,chromosome,0.0007153376814643383
B1,ppl,plasmid,0.004186829370923627
B1,ppl,prophage in chromosome,0.00021039343572480537
B1,ppl,unknown,0.00039974752787713024
B1,qatABCD,chromosome,0.0031348621922996003
B1,qatABCD,unknown,0.000273511466442247
B1,tin,chromosome,0.0002945508100147275
B1,tin,prophage in chromosome,0.00042078687144961075
B1,tin,prophage in unknown,6.311803071744161e-05
B1,tin,unknown,4.2078687144961075e-05
B1,tmn,chromosome,0.0012202819272038713
B1,tmn,plasmid,0.009825373448348412
B1,tmn,unknown,0.001451714706501157
B21,2TM-1TM-TIR,chromosome,0.00012061271257990592
B21,2TM-1TM-TIR,prophage in chromosome,6.030635628995296e-05
B21,3HP,chromosome,0.00024122542515981184
B21,3HP,prophage in chromosome,0.0003015317814497648
B21,3HP,prophage in unknown,0.00012061271257990592
B21,3HP,unknown,0.0003015317814497648
B21,AVAST II,chromosome,6.030635628995296e-05
B21,AVAST IV,chromosome,0.013086479314919793
B21,AVAST IV,unknown,0.00012061271257990592
B21,AbiD,chromosome,0.0007236762754794355
B21,AbiD,plasmid,0.00036183813773971776
B21,AbiD,unknown,0.00012061271257990592
B21,AbiE,chromosome,0.10378723917500905
B21,AbiE,plasmid,0.0003015317814497648
B21,AbiE,unknown,0.006814618260764685
B21,AbiH,plasmid,0.00012061271257990592
B21,AbiH,prophage in chromosome,6.030635628995296e-05
B21,AbiL,chromosome,0.0005427572066095766
B21,AbiL,plasmid,0.00042214449402967074
B21,AbiL,prophage in chromosome,0.00012061271257990592
B21,AbiL,unknown,0.00012061271257990592
B21,AbiQ,chromosome,6.030635628995296e-05
B21,AbiQ,plasmid,6.030635628995296e-05
B21,AbiU,prophage in chromosome,6.030635628995296e-05
B21,ApeA,chromosome,0.0006030635628995297
B21,ApeA,plasmid,6.030635628995296e-05
B21,ApeA,unknown,6.030635628995296e-05
B21,BREX I,chromosome,0.010071161500422145
B21,BREX I,plasmid,6.030635628995296e-05
B21,BREX I,unknown,0.0010855144132191532
B21,BstA,chromosome,0.0009649017006392474
B21,BstA,prophage in chromosome,0.00162827161982873
B21,BstA,unknown,6.030635628995296e-05
B21,CBASS I,chromosome,0.004402364009166567
B21,CBASS I,plasmid,0.0437221083102159
B21,CBASS I,prophage in chromosome,6.030635628995296e-05
B21,CBASS I,unknown,0.0024725606078880714
B21,CBASS II,chromosome,6.030635628995296e-05
B21,CRISPR I-E,chromosome,0.00042214449402967074
B21,DRT I,chromosome,0.00796043903027379
B21,DRT I,plasmid,0.0008442889880593415
B21,DRT I,unknown,0.0013267398383789652
B21,DRT II,chromosome,0.010613918707031721
B21,DRT II,prophage in chromosome,0.001507658907248824
B21,DRT II,prophage in unknown,6.030635628995296e-05
B21,DRT II,unknown,0.0004824508503196237
B21,DRT III,chromosome,0.001507658907248824
B21,DRT III,unknown,0.00018091906886985888
B21,Dnd_ABCDE,chromosome,0.0010252080569292004
B21,Dnd_FGH,chromosome,0.001447352550958871
B21,Dpd,unknown,6.030635628995296e-05
B21,DprA-PRTase,chromosome,0.00024122542515981184
B21,DprA-PRTase,prophage in chromosome,0.0006633699191894826
B21,Druantia I,chromosome,6.030635628995296e-05
B21,Druantia III,chromosome,0.00024122542515981184
B21,GAO_19,chromosome,0.0003015317814497648
B21,GAO_19,plasmid,6.030635628995296e-05
B21,GAO_19,unknown,6.030635628995296e-05
B21,GAO_20,chromosome,0.0005427572066095766
B21,GAO_20,unknown,6.030635628995296e-05
B21,GAO_29,chromosome,0.00018091906886985888
B21,Gabija,chromosome,0.007779519961403932
B21,Gabija,plasmid,0.03015317814497648
B21,Gabija,unknown,0.002713786033047883
B21,Hachiman I,chromosome,0.0022916415390182125
B21,Helicase-DUF2290,chromosome,0.00018091906886985888
B21,Hydrolase-TM,chromosome,0.00018091906886985888
B21,Kiwa,chromosome,0.004522976721746472
B21,Kiwa,plasmid,6.030635628995296e-05
B21,Kiwa,prophage in chromosome,0.00042214449402967074
B21,Kiwa,prophage in unknown,6.030635628995296e-05
B21,Kiwa,unknown,0.00036183813773971776
B21,Lamassu I,prophage in chromosome,6.030635628995296e-05
B21,Lamassu-Fam,unknown,0.00012061271257990592
B21,Mokosh I,chromosome,0.00012061271257990592
B21,Mokosh I,plasmid,0.0005427572066095766
B21,Mokosh II,chromosome,0.0027740923893378364
B21,Mokosh II,unknown,0.00012061271257990592
B21,PARIS,chromosome,0.0018694970449885419
B21,PARIS,plasmid,6.030635628995296e-05
B21,PARIS,prophage in chromosome,0.0009649017006392474
B21,PARIS,prophage in unknown,0.00012061271257990592
B21,PARIS,unknown,0.00024122542515981184
B21,PARIS II,prophage in chromosome,6.030635628995296e-05
B21,PifA,chromosome,0.0003015317814497648
B21,PifA,plasmid,0.004643589434326378
B21,PifA,unknown,0.00036183813773971776
B21,PrrC,chromosome,0.002955011458207695
B21,PrrC,unknown,0.00024122542515981184
B21,PsyrTA,chromosome,0.022554577252442407
B21,PsyrTA,unknown,0.0007236762754794355
B21,RM I,chromosome,0.21209745507176456
B21,RM I,plasmid,0.01851405138101556
B21,RM I,prophage in chromosome,0.0025328669641780243
B21,RM I,prophage in plasmid,0.0007839826317693884
B21,RM I,prophage in unknown,0.0003015317814497648
B21,RM I,unknown,0.014352912797008805
B21,RM II,chromosome,0.20027740923893378
B21,RM II,plasmid,0.009649017006392474
B21,RM II,prophage in chromosome,0.004100832227716802
B21,RM II,prophage in unknown,0.00024122542515981184
B21,RM II,unknown,0.014533831865878664
B21,RM IIG,chromosome,0.001507658907248824
B21,RM IIG,unknown,6.030635628995296e-05
B21,RM III,chromosome,0.004945121215776143
B21,RM III,plasmid,0.0003015317814497648
B21,RM III,prophage in chromosome,6.030635628995296e-05
B21,RM III,prophage in plasmid,6.030635628995296e-05
B21,RM III,unknown,0.00018091906886985888
B21,RM IV,chromosome,0.06163309612833193
B21,RM IV,prophage in chromosome,0.0019298034012784947
B21,RM IV,prophage in unknown,0.00012061271257990592
B21,RM IV,unknown,0.0024725606078880714
B21,Retron I-B,chromosome,0.00012061271257990592
B21,Retron I-B,prophage in chromosome,0.00018091906886985888
B21,Retron I-B,unknown,0.00012061271257990592
B21,Retron I-C,chromosome,0.09196719334217826
B21,Retron I-C,prophage in chromosome,0.00024122542515981184
B21,Retron I-C,unknown,0.005789410203835484
B21,Retron III-A,chromosome,0.00018091906886985888
B21,Retron IV,chromosome,0.00012061271257990592
B21,Retron V,plasmid,0.0004824508503196237
B21,Retron VI,chromosome,0.00018091906886985888
B21,Retron XII,chromosome,0.0006633699191894826
B21,Retron XII,prophage in chromosome,0.00012061271257990592
B21,Retron XII,unknown,6.030635628995296e-05
B21,RexAB,chromosome,0.00036183813773971776
B21,SEFIR,chromosome,6.030635628995296e-05
B21,Septu I,chromosome,0.0013267398383789652
B21,Septu I,plasmid,6.030635628995296e-05
B21,Septu I,prophage in chromosome,6.030635628995296e-05
B21,Septu I,unknown,6.030635628995296e-05
B21,Shedu,chromosome,0.00024122542515981184
B21,Shedu,prophage in chromosome,0.0003015317814497648
B21,Shedu,prophage in unknown,6.030635628995296e-05
B21,SoFic,chromosome,0.0021107224701483536
B21,SoFic,unknown,0.0004824508503196237
B21,Thoeris I,chromosome,0.0018091906886985888
B21,Thoeris I,unknown,0.00024122542515981184
B21,Wadjet I,unknown,6.030635628995296e-05
B21,Zorya I,chromosome,0.0007236762754794355
B21,Zorya I,unknown,6.030635628995296e-05
B21,cas_adaptation,chromosome,6.030635628995296e-05
B21,dCTPdeaminase,chromosome,0.00042214449402967074
B21,dCTPdeaminase,prophage in chromosome,0.00018091906886985888
B21,dCTPdeaminase,unknown,6.030635628995296e-05
B21,dXTPase,chromosome,0.001688577976118683
B21,dXTPase,prophage in chromosome,6.030635628995296e-05
B21,dXTPase,prophage in plasmid,0.00012061271257990592
B21,dXTPase,unknown,0.00018091906886985888
B21,darTG,chromosome,0.0005427572066095766
B21,dsr I,chromosome,0.0006030635628995297
B21,dsr I,prophage in chromosome,0.0007839826317693884
B21,gop_beta_cll,chromosome,0.0004824508503196237
B21,hhe,chromosome,6.030635628995296e-05
B21,hhe,plasmid,6.030635628995296e-05
B21,hhe,prophage in chromosome,6.030635628995296e-05
B21,ietAS,chromosome,0.0005427572066095766
B21,ietAS,plasmid,0.0006633699191894826
B21,ietAS,prophage in chromosome,0.0004824508503196237
B21,ietAS,unknown,6.030635628995296e-05
B21,old,chromosome,6.030635628995296e-05
B21,ppl,plasmid,0.0009649017006392474
B21,ppl,unknown,6.030635628995296e-05
B21,qatABCD,chromosome,0.001507658907248824
B21,tmn,chromosome,0.0022313351827282597
B21,tmn,plasmid,0.016584247979737066
B21,tmn,unknown,0.0017488843324086358
B22,2TM-1TM-TIR,prophage in chromosome,0.0004225203337910637
B22,2TM-1TM-TIR,prophage in unknown,5.281504172388296e-05
B22,2TM-1TM-TIR,unknown,0.00010563008344776593
B22,3HP,chromosome,0.00026407520861941483
B22,3HP,prophage in chromosome,0.00021126016689553185
B22,3HP,prophage in unknown,5.281504172388296e-05
B22,3HP,unknown,0.00010563008344776593
B22,AVAST II,chromosome,5.281504172388296e-05
B22,AVAST IV,chromosome,0.0010034857927537762
B22,AVAST IV,unknown,0.00010563008344776593
B22,AVAST V,chromosome,0.00010563008344776593
B22,AbiD,chromosome,0.002957642336537446
B22,AbiD,plasmid,0.0006865955424104785
B22,AbiD,prophage in chromosome,5.281504172388296e-05
B22,AbiD,unknown,0.00021126016689553185
B22,AbiE,chromosome,0.009876412802366114
B22,AbiE,unknown,0.001267561001373191
B22,AbiH,chromosome,5.281504172388296e-05
B22,AbiH,prophage in chromosome,5.281504172388296e-05
B22,AbiH,unknown,5.281504172388296e-05
B22,AbiL,chromosome,0.00010563008344776593
B22,AbiL,plasmid,0.0005281504172388297
B22,AbiL,prophage in chromosome,0.00010563008344776593
B22,AbiQ,chromosome,0.00021126016689553185
B22,AbiQ,plasmid,0.0006337805006865955
B22,AbiQ,unknown,5.281504172388296e-05
B22,AbiU,chromosome,0.0016900813351642548
B22,AbiU,plasmid,5.281504172388296e-05
B22,AbiU,prophage in chromosome,0.00036970529206718073
B22,AbiU,unknown,0.00015844512517164888
B22,ApeA,chromosome,0.0005281504172388297
B22,ApeA,plasmid,5.281504172388296e-05
B22,ApeA,unknown,0.00010563008344776593
B22,BREX I,chromosome,0.0031689025034329775
B22,BREX I,plasmid,5.281504172388296e-05
B22,BREX I,unknown,0.0005809654589627126
B22,BREX III,chromosome,5.281504172388296e-05
B22,Borvo,chromosome,0.0004753353755149467
B22,Borvo,prophage in chromosome,0.00021126016689553185
B22,BstA,chromosome,0.002693567127918031
B22,BstA,prophage in chromosome,0.0034329777120523926
B22,BstA,prophage in unknown,0.0004753353755149467
B22,BstA,unknown,0.0006337805006865955
B22,CBASS I,chromosome,0.04177669800359142
B22,CBASS I,plasmid,0.005492764339283828
B22,CBASS I,prophage in chromosome,0.00031689025034329775
B22,CBASS I,unknown,0.0038026830041195735
B22,CBASS II,chromosome,0.0004225203337910637
B22,CBASS II,unknown,5.281504172388296e-05
B22,CBASS III,chromosome,0.00015844512517164888
B22,CBASS III,unknown,0.00015844512517164888
B22,CRISPR I-E,chromosome,0.0021654167106792016
B22,CRISPR I-E,unknown,0.00031689025034329775
B22,CRISPR I-F,chromosome,0.02049223618886659
B22,CRISPR I-F,unknown,0.0031689025034329775
B22,DRT I,chromosome,0.01124960388718707
B22,DRT I,plasmid,5.281504172388296e-05
B22,DRT I,prophage in chromosome,0.0004753353755149467
B22,DRT I,prophage in unknown,5.281504172388296e-05
B22,DRT I,unknown,0.0011619309179254252
B22,DRT II,chromosome,0.0035386077955001584
B22,DRT II,prophage in chromosome,0.0006337805006865955
B22,DRT II,unknown,0.00036970529206718073
B22,DRT III,chromosome,0.0011619309179254252
B22,DRT III,unknown,0.00010563008344776593
B22,DUF4238,chromosome,0.00015844512517164888
B22,Dnd_ABCDE,chromosome,0.0016900813351642548
B22,Dnd_ABCDE,unknown,0.00031689025034329775
B22,Dnd_FGH,chromosome,0.0015844512517164888
B22,Dnd_FGH,unknown,0.00031689025034329775
B22,Dpd,chromosome,0.006760325340657019
B22,Dpd,unknown,0.00036970529206718073
B22,DprA-PRTase,chromosome,0.0009506707510298934
B22,DprA-PRTase,prophage in chromosome,0.0006337805006865955
B22,DprA-PRTase,prophage in unknown,0.00010563008344776593
B22,Druantia I,chromosome,0.002799197211365797
B22,Druantia I,unknown,0.0008978557093060103
B22,Druantia III,chromosome,0.004330833421358403
B22,Druantia III,unknown,0.0006865955424104785
B22,Dynamins,chromosome,5.281504172388296e-05
B22,GAO_19,chromosome,0.0015844512517164888
B22,GAO_19,plasmid,0.00021126016689553185
B22,GAO_19,prophage in chromosome,0.0006337805006865955
B22,GAO_19,prophage in unknown,5.281504172388296e-05
B22,GAO_19,unknown,0.00015844512517164888
B22,GAO_20,chromosome,5.281504172388296e-05
B22,GAO_29,chromosome,5.281504172388296e-05
B22,Gabija,chromosome,0.01193619942959755
B22,Gabija,plasmid,0.01874933981197845
B22,Gabija,prophage in chromosome,5.281504172388296e-05
B22,Gabija,prophage in plasmid,5.281504172388296e-05
B22,Gabija,unknown,0.0030632724199852117
B22,Hachiman I,chromosome,0.0023766768775747332
B22,Hachiman I,unknown,0.00015844512517164888
B22,Helicase-DUF2290,chromosome,0.0006865955424104785
B22,Helicase-DUF2290,unknown,0.00015844512517164888
B22,Hydrolase-TM,chromosome,0.0006865955424104785
B22,Hydrolase-TM,unknown,5.281504172388296e-05
B22,Kiwa,chromosome,0.0034857927537762755
B22,Kiwa,plasmid,0.00021126016689553185
B22,Kiwa,prophage in chromosome,0.0006865955424104785
B22,Kiwa,prophage in unknown,5.281504172388296e-05
B22,Kiwa,unknown,0.0005281504172388297
B22,Lamassu I,chromosome,0.00015844512517164888
B22,Lamassu I,unknown,0.00010563008344776593
B22,Lamassu II,chromosome,0.00010563008344776593
B22,Lamassu-Fam,chromosome,0.0004753353755149467
B22,Lamassu-Fam,unknown,0.00021126016689553185
B22,Lit,chromosome,0.00036970529206718073
B22,Lit,prophage in chromosome,0.00026407520861941483
B22,Menshen,chromosome,5.281504172388296e-05
B22,Mokosh I,chromosome,0.00015844512517164888
B22,Mokosh I,unknown,0.00015844512517164888
B22,Mokosh II,chromosome,0.019752825604732228
B22,Mokosh II,unknown,0.002482306961022499
B22,Nixl,chromosome,5.281504172388296e-05
B22,PARIS,chromosome,0.0008978557093060103
B22,PARIS,plasmid,0.00036970529206718073
B22,PARIS,prophage in chromosome,0.00021126016689553185
B22,PARIS,prophage in unknown,0.00010563008344776593
B22,PARIS,unknown,0.0004225203337910637
B22,PARIS II,chromosome,5.281504172388296e-05
B22,PifA,chromosome,0.0011091158762015422
B22,PifA,plasmid,0.0022710467941269674
B22,PifA,prophage in chromosome,5.281504172388296e-05
B22,PifA,unknown,0.0004225203337910637
B22,PrrC,chromosome,0.0030104573782613287
B22,PrrC,unknown,5.281504172388296e-05
B22,PsyrTA,chromosome,0.012886870180627443
B22,PsyrTA,unknown,0.002429491919298616
B22,Pycsar,chromosome,0.0004753353755149467
B22,Pycsar,plasmid,0.00010563008344776593
B22,Pycsar,prophage in unknown,5.281504172388296e-05
B22,RADAR,chromosome,0.0010034857927537762
B22,RADAR,unknown,0.00015844512517164888
B22,RM I,chromosome,0.1379528889827823
B22,RM I,plasmid,0.0022182317524030845
B22,RM I,prophage in chromosome,0.00021126016689553185
B22,RM I,prophage in plasmid,0.0004225203337910637
B22,RM I,prophage in unknown,0.00010563008344776593
B22,RM I,unknown,0.016161402767508187
B22,RM II,chromosome,0.16747649730643288
B22,RM II,plasmid,0.004911798880321116
B22,RM II,prophage in chromosome,0.0035914228372240413
B22,RM II,prophage in unknown,0.00031689025034329775
B22,RM II,unknown,0.020333791063694942
B22,RM IIG,chromosome,0.0038554980458434564
B22,RM IIG,prophage in chromosome,0.0004753353755149467
B22,RM IIG,prophage in unknown,0.00015844512517164888
B22,RM IIG,unknown,0.0004753353755149467
B22,RM III,chromosome,0.03475229745431499
B22,RM III,plasmid,0.00031689025034329775
B22,RM III,prophage in plasmid,0.00026407520861941483
B22,RM III,unknown,0.0038554980458434564
B22,RM IV,chromosome,0.08904616034646667
B22,RM IV,plasmid,5.281504172388296e-05
B22,RM IV,prophage in chromosome,0.017957114186120206
B22,RM IV,prophage in unknown,0.001373191084820957
B22,RM IV,unknown,0.01711207351853808
B22,Retron I-A,chromosome,0.0010034857927537762
B22,Retron I-A,prophage in chromosome,0.00021126016689553185
B22,Retron I-A,unknown,0.0006865955424104785
B22,Retron I-B,chromosome,0.0026407520861941483
B22,Retron I-B,unknown,0.00010563008344776593
B22,Retron I-C,chromosome,0.0006337805006865955
B22,Retron I-C,prophage in chromosome,0.0004753353755149467
B22,Retron I-C,prophage in unknown,5.281504172388296e-05
B22,Retron I-C,unknown,0.00021126016689553185
B22,Retron II-A,chromosome,0.00010563008344776593
B22,Retron II-A,prophage in chromosome,0.00031689025034329775
B22,Retron III-A,chromosome,0.00015844512517164888
B22,Retron IV,chromosome,0.00036970529206718073
B22,Retron IV,prophage in chromosome,0.00036970529206718073
B22,Retron IV,prophage in unknown,0.00010563008344776593
B22,Retron V,plasmid,0.0006865955424104785
B22,Retron VI,chromosome,0.0023238618358508503
B22,Retron VI,unknown,0.00010563008344776593
B22,Retron XII,chromosome,0.00036970529206718073
B22,Retron XII,unknown,5.281504172388296e-05
B22,RexAB,plasmid,5.281504172388296e-05
B22,RexAB,prophage in chromosome,0.0004225203337910637
B22,RosmerTA,prophage in chromosome,5.281504172388296e-05
B22,SEFIR,prophage in chromosome,5.281504172388296e-05
B22,Septu,chromosome,0.00026407520861941483
B22,Septu I,chromosome,0.03353755149466568
B22,Septu I,plasmid,0.00015844512517164888
B22,Septu I,prophage in chromosome,0.0011091158762015422
B22,Septu I,prophage in unknown,0.00026407520861941483
B22,Septu I,unknown,0.003697052920671807
B22,Shango,chromosome,5.281504172388296e-05
B22,Shedu,chromosome,0.00021126016689553185
B22,Shedu,plasmid,5.281504172388296e-05
B22,Shedu,prophage in chromosome,0.00021126016689553185
B22,Shedu,unknown,5.281504172388296e-05
B22,SoFic,chromosome,0.00480616879687335
B22,SoFic,unknown,0.0004753353755149467
B22,SspABCD,chromosome,0.00010563008344776593
B22,SspE,chromosome,0.00010563008344776593
B22,TIR-NLR,chromosome,0.0005809654589627126
B22,TIR-NLR,prophage in chromosome,5.281504172388296e-05
B22,TIR-NLR,unknown,0.00021126016689553185
B22,Thoeris I,chromosome,0.052339706348368015
B22,Thoeris I,plasmid,5.281504172388296e-05
B22,Thoeris I,unknown,0.007235660716171966
B22,Viperin,plasmid,0.00010563008344776593
B22,Wadjet III,chromosome,5.281504172388296e-05
B22,Zorya I,chromosome,0.0006337805006865955
B22,Zorya I,unknown,5.281504172388296e-05
B22,Zorya II,chromosome,0.0006865955424104785
B22,dCTPdeaminase,chromosome,0.0015316362099926058
B22,dCTPdeaminase,prophage in chromosome,0.00036970529206718073
B22,dCTPdeaminase,unknown,5.281504172388296e-05
B22,dXTPase,chromosome,0.02302735819161297
B22,dXTPase,plasmid,0.00010563008344776593
B22,dXTPase,prophage in chromosome,0.00010563008344776593
B22,dXTPase,prophage in plasmid,0.0007394105841343615
B22,dXTPase,prophage in unknown,5.281504172388296e-05
B22,dXTPase,unknown,0.0033273476286046267
B22,darTG,chromosome,0.003274532586880744
B22,darTG,prophage in chromosome,5.281504172388296e-05
B22,darTG,prophage in unknown,0.00015844512517164888
B22,darTG,unknown,0.0005809654589627126
B22,dsr I,chromosome,0.0008978557093060103
B22,dsr I,prophage in chromosome,0.00026407520861941483
B22,dsr I,unknown,0.00010563008344776593
B22,gop_beta_cll,chromosome,0.004330833421358403
B22,gop_beta_cll,unknown,0.00021126016689553185
B22,hhe,chromosome,5.281504172388296e-05
B22,hhe,plasmid,5.281504172388296e-05
B22,ietAS,chromosome,0.004013943171015105
B22,ietAS,prophage in chromosome,0.002587937044470265
B22,ietAS,prophage in unknown,0.00036970529206718073
B22,ietAS,unknown,0.00015844512517164888
B22,old,chromosome,0.00036970529206718073
B22,old,prophage in chromosome,0.00010563008344776593
B22,old,prophage in unknown,5.281504172388296e-05
B22,old,unknown,0.00010563008344776593
B22,ppl,chromosome,0.00015844512517164888
B22,ppl,plasmid,0.0007922256258582444
B22,ppl,prophage in chromosome,0.00036970529206718073
B22,ppl,prophage in unknown,5.281504172388296e-05
B22,ppl,unknown,5.281504172388296e-05
B22,qatABCD,chromosome,0.034276962078800044
B22,qatABCD,plasmid,0.00015844512517164888
B22,qatABCD,unknown,0.002904827294813563
B22,tin,chromosome,0.00015844512517164888
B22,tin,prophage in chromosome,5.281504172388296e-05
B22,tin,prophage in unknown,5.281504172388296e-05
B22,tmn,chromosome,0.004964613922044998
B22,tmn,plasmid,0.016319847892679835
B22,tmn,prophage in unknown,5.281504172388296e-05
B22,tmn,unknown,0.0015316362099926058
C,AbiD,chromosome,0.009810671256454389
C,AbiD,plasmid,0.001376936316695353
C,AbiD,unknown,0.0005163511187607573
C,AbiE,chromosome,0.05094664371772806
C,AbiE,plasmid,0.0070567986230636835
C,AbiE,unknown,0.005679862306368331
C,AbiH,chromosome,0.002065404475043029
C,AbiL,plasmid,0.0010327022375215145
C,AbiQ,plasmid,0.0012048192771084338
C,AbiQ,unknown,0.00017211703958691912
C,BREX I,chromosome,0.041824440619621345
C,BREX I,unknown,0.0034423407917383822
C,BstA,chromosome,0.010843373493975903
C,BstA,prophage in chromosome,0.0070567986230636835
C,BstA,prophage in unknown,0.0005163511187607573
C,BstA,unknown,0.0010327022375215145
C,CBASS I,chromosome,0.02495697074010327
C,CBASS I,plasmid,0.0010327022375215145
C,CBASS I,prophage in chromosome,0.00034423407917383823
C,CBASS I,prophage in unknown,0.00034423407917383823
C,CBASS I,unknown,0.0036144578313253013
C,CBASS II,chromosome,0.00017211703958691912
C,CBASS II,unknown,0.00017211703958691912
C,CRISPR I-E,chromosome,0.17779690189328742
C,CRISPR I-E,plasmid,0.00017211703958691912
C,CRISPR I-E,unknown,0.011187607573149742
C,DRT I,chromosome,0.00017211703958691912
C,DRT III,unknown,0.00017211703958691912
C,Dnd_ABCDE,chromosome,0.002753872633390706
C,Dnd_ABCDE,unknown,0.00017211703958691912
C,Dnd_FGH,chromosome,0.002753872633390706
C,Dnd_FGH,unknown,0.00017211703958691912
C,Dpd,chromosome,0.00034423407917383823
C,DprA-PRTase,chromosome,0.00017211703958691912
C,DprA-PRTase,prophage in chromosome,0.00017211703958691912
C,Druantia III,chromosome,0.00017211703958691912
C,Dynamins,chromosome,0.0006884681583476765
C,GAO_19,chromosome,0.004647160068846815
C,GAO_19,prophage in chromosome,0.0037865748709122204
C,GAO_19,prophage in unknown,0.00034423407917383823
C,GAO_19,unknown,0.0005163511187607573
C,Gabija,chromosome,0.0008605851979345956
C,Gabija,plasmid,0.001376936316695353
C,Gabija,unknown,0.0005163511187607573
C,Helicase-DUF2290,chromosome,0.00034423407917383823
C,Kiwa,chromosome,0.0010327022375215145
C,Kiwa,prophage in chromosome,0.0006884681583476765
C,Kiwa,unknown,0.00017211703958691912
C,Lamassu I,prophage in chromosome,0.00017211703958691912
C,PARIS,chromosome,0.00034423407917383823
C,PARIS II,chromosome,0.0012048192771084338
C,PifA,chromosome,0.012736660929432014
C,PifA,plasmid,0.001376936316695353
C,PifA,unknown,0.00017211703958691912
C,PrrC,chromosome,0.0008605851979345956
C,PrrC,plasmid,0.00017211703958691912
C,RADAR,unknown,0.00017211703958691912
C,RM I,chromosome,0.1495697074010327
C,RM I,plasmid,0.0006884681583476765
C,RM I,prophage in plasmid,0.0005163511187607573
C,RM I,prophage in unknown,0.00017211703958691912
C,RM I,unknown,0.006712564543889845
C,RM II,chromosome,0.22478485370051635
C,RM II,plasmid,0.04819277108433735
C,RM II,prophage in chromosome,0.011359724612736662
C,RM II,prophage in unknown,0.0008605851979345956
C,RM II,unknown,0.016351118760757316
C,RM IIG,chromosome,0.00585197934595525
C,RM IIG,prophage in chromosome,0.0012048192771084338
C,RM IIG,unknown,0.0008605851979345956
C,RM III,chromosome,0.0024096385542168677
C,RM III,plasmid,0.0012048192771084338
C,RM III,prophage in plasmid,0.004302925989672977
C,RM III,prophage in unknown,0.0005163511187607573
C,RM III,unknown,0.00034423407917383823
C,RM IV,chromosome,0.04285714285714286
C,RM IV,plasmid,0.00034423407917383823
C,RM IV,unknown,0.006024096385542169
C,Retron I-C,prophage in chromosome,0.00034423407917383823
C,Retron V,plasmid,0.011876075731497418
C,Retron V,unknown,0.00034423407917383823
C,Retron XII,chromosome,0.00017211703958691912
C,Retron XII,unknown,0.00017211703958691912
C,RexAB,chromosome,0.00017211703958691912
C,RexAB,plasmid,0.0037865748709122204
C,RexAB,unknown,0.00034423407917383823
C,RosmerTA,chromosome,0.00034423407917383823
C,Septu I,chromosome,0.0012048192771084338
C,Septu I,unknown,0.00034423407917383823
C,Shedu,plasmid,0.0006884681583476765
C,Shedu,unknown,0.00017211703958691912
C,TIR-NLR,unknown,0.00017211703958691912
C,Thoeris I,prophage in chromosome,0.0005163511187607573
C,Zorya I,chromosome,0.002237521514629948
C,Zorya II,chromosome,0.00017211703958691912
C,dCTPdeaminase,prophage in chromosome,0.00017211703958691912
C,dXTPase,chromosome,0.021686746987951807
C,dXTPase,plasmid,0.0005163511187607573
C,dXTPase,prophage in chromosome,0.0036144578313253013
C,dXTPase,prophage in plasmid,0.0024096385542168677
C,dXTPase,prophage in unknown,0.0005163511187607573
C,dXTPase,unknown,0.002237521514629948
C,darTG,chromosome,0.007917383820998278
C,darTG,unknown,0.00017211703958691912
C,hhe,chromosome,0.00034423407917383823
C,ietAS,chromosome,0.006024096385542169
C,ietAS,prophage in chromosome,0.0005163511187607573
C,ietAS,prophage in unknown,0.00017211703958691912
C,ietAS,unknown,0.00034423407917383823
C,ppl,plasmid,0.0005163511187607573
C,ppl,unknown,0.00034423407917383823
C,qatABCD,chromosome,0.00034423407917383823
C,tmn,plasmid,0.00017211703958691912
C,tmn,unknown,0.00017211703958691912
E1,2TM-1TM-TIR,prophage in chromosome,0.00015432098765432098
E1,3HP,chromosome,0.000462962962962963
E1,3HP,prophage in chromosome,0.00030864197530864197
E1,AVAST II,chromosome,0.0032407407407407406
E1,AVAST II,prophage in chromosome,0.00015432098765432098
E1,AVAST II,unknown,0.000462962962962963
E1,AVAST IV,chromosome,0.0006172839506172839
E1,AbiD,chromosome,0.002932098765432099
E1,AbiD,plasmid,0.0010802469135802468
E1,AbiE,chromosome,0.04830246913580247
E1,AbiE,plasmid,0.00015432098765432098
E1,AbiE,unknown,0.0032407407407407406
E1,AbiH,chromosome,0.000925925925925926
E1,AbiH,prophage in chromosome,0.000462962962962963
E1,AbiL,chromosome,0.004012345679012346
E1,AbiL,prophage in chromosome,0.00015432098765432098
E1,AbiL,unknown,0.000462962962962963
E1,AbiQ,chromosome,0.00015432098765432098
E1,AbiQ,plasmid,0.00015432098765432098
E1,AbiU,chromosome,0.0010802469135802468
E1,AbiU,prophage in chromosome,0.000462962962962963
E1,BREX I,chromosome,0.010648148148148148
E1,BREX I,plasmid,0.000462962962962963
E1,BREX I,unknown,0.00015432098765432098
E1,Borvo,chromosome,0.00030864197530864197
E1,Borvo,prophage in chromosome,0.00015432098765432098
E1,BstA,chromosome,0.004629629629629629
E1,BstA,prophage in chromosome,0.0033950617283950617
E1,BstA,prophage in unknown,0.00030864197530864197
E1,BstA,unknown,0.00030864197530864197
E1,CBASS I,chromosome,0.005709876543209876
E1,CBASS I,plasmid,0.006944444444444444
E1,CBASS I,prophage in chromosome,0.00030864197530864197
E1,CBASS I,unknown,0.000462962962962963
E1,CBASS II,chromosome,0.002006172839506173
E1,CRISPR I-E,chromosome,0.1146604938271605
E1,CRISPR I-E,unknown,0.008024691358024692
E1,CRISPR I-F,chromosome,0.00015432098765432098
E1,DRT I,chromosome,0.002623456790123457
E1,DRT I,prophage in chromosome,0.000462962962962963
E1,DRT I,prophage in unknown,0.00015432098765432098
E1,DRT II,chromosome,0.0007716049382716049
E1,DRT III,chromosome,0.007716049382716049
E1,DRT III,unknown,0.000462962962962963
E1,DUF4238,chromosome,0.000462962962962963
E1,DUF4238,prophage in chromosome,0.0006172839506172839
E1,Dnd_ABCDE,chromosome,0.010030864197530864
E1,Dnd_ABCDE,unknown,0.000925925925925926
E1,Dnd_FGH,chromosome,0.009413580246913581
E1,Dnd_FGH,unknown,0.000925925925925926
E1,Dpd,chromosome,0.0021604938271604936
E1,DprA-PRTase,chromosome,0.0007716049382716049
E1,DprA-PRTase,prophage in chromosome,0.0006172839506172839
E1,DprA-PRTase,prophage in unknown,0.00015432098765432098
E1,DprA-PRTase,unknown,0.000462962962962963
E1,Druantia I,chromosome,0.0006172839506172839
E1,Druantia II,chromosome,0.00015432098765432098
E1,Druantia III,chromosome,0.08163580246913581
E1,Druantia III,unknown,0.004166666666666667
E1,GAO_19,chromosome,0.0016975308641975309
E1,GAO_19,plasmid,0.00030864197530864197
E1,GAO_19,prophage in chromosome,0.0010802469135802468
E1,GAO_19,prophage in unknown,0.00015432098765432098
E1,GAO_20,chromosome,0.00015432098765432098
E1,GAO_29,chromosome,0.0007716049382716049
E1,Gabija,chromosome,0.009104938271604938
E1,Gabija,plasmid,0.009104938271604938
E1,Gabija,prophage in chromosome,0.00015432098765432098
E1,Gabija,unknown,0.001388888888888889
E1,Hachiman I,chromosome,0.0060185185185185185
E1,Hachiman I,unknown,0.00030864197530864197
E1,Helicase-DUF2290,chromosome,0.00015432098765432098
E1,Hydrolase-TM,chromosome,0.00030864197530864197
E1,Hydrolase-TM,unknown,0.00015432098765432098
E1,Kiwa,chromosome,0.004783950617283951
E1,Kiwa,plasmid,0.00015432098765432098
E1,Kiwa,prophage in chromosome,0.0010802469135802468
E1,Kiwa,prophage in unknown,0.00015432098765432098
E1,Kiwa,unknown,0.00030864197530864197
E1,Lamassu I,chromosome,0.000925925925925926
E1,Lamassu I,prophage in unknown,0.00015432098765432098
E1,Lamassu-Fam,chromosome,0.00015432098765432098
E1,Lamassu-Fam,prophage in chromosome,0.00015432098765432098
E1,Mokosh I,chromosome,0.00015432098765432098
E1,Mokosh II,chromosome,0.0021604938271604936
E1,Mokosh II,unknown,0.00015432098765432098
E1,PARIS,chromosome,0.0006172839506172839
E1,PARIS,plasmid,0.00015432098765432098
E1,PARIS,prophage in chromosome,0.0006172839506172839
E1,PARIS,unknown,0.00015432098765432098
E1,PARIS II,chromosome,0.00015432098765432098
E1,PifA,chromosome,0.001851851851851852
E1,PifA,plasmid,0.006172839506172839
E1,PifA,prophage in chromosome,0.00015432098765432098
E1,PifA,unknown,0.00015432098765432098
E1,PrrC,chromosome,0.0024691358024691358
E1,PrrC,plasmid,0.00030864197530864197
E1,PrrC,unknown,0.00030864197530864197
E1,PsyrTA,chromosome,0.0010802469135802468
E1,PsyrTA,unknown,0.00015432098765432098
E1,Pycsar,chromosome,0.002006172839506173
E1,Pycsar,prophage in chromosome,0.00030864197530864197
E1,Pycsar,unknown,0.00030864197530864197
E1,RADAR,chromosome,0.00030864197530864197
E1,RM I,chromosome,0.10416666666666667
E1,RM I,plasmid,0.001851851851851852
E1,RM I,prophage in chromosome,0.0006172839506172839
E1,RM I,prophage in plasmid,0.002006172839506173
E1,RM I,prophage in unknown,0.000462962962962963
E1,RM I,unknown,0.008024691358024692
E1,RM II,chromosome,0.15910493827160493
E1,RM II,plasmid,0.006327160493827161
E1,RM II,prophage in chromosome,0.010802469135802469
E1,RM II,prophage in unknown,0.0010802469135802468
E1,RM II,unknown,0.011111111111111112
E1,RM IIG,chromosome,0.02638888888888889
E1,RM IIG,prophage in chromosome,0.0006172839506172839
E1,RM IIG,unknown,0.0021604938271604936
E1,RM III,chromosome,0.008179012345679013
E1,RM III,plasmid,0.0007716049382716049
E1,RM III,prophage in chromosome,0.00030864197530864197
E1,RM III,prophage in plasmid,0.011111111111111112
E1,RM III,prophage in unknown,0.00015432098765432098
E1,RM III,unknown,0.0007716049382716049
E1,RM IV,chromosome,0.05787037037037037
E1,RM IV,prophage in chromosome,0.001851851851851852
E1,RM IV,prophage in unknown,0.00015432098765432098
E1,RM IV,unknown,0.004475308641975309
E1,Retron I-A,chromosome,0.0007716049382716049
E1,Retron I-B,chromosome,0.00015432098765432098
E1,Retron I-C,chromosome,0.001388888888888889
E1,Retron I-C,prophage in unknown,0.00015432098765432098
E1,Retron II-A,chromosome,0.00015432098765432098
E1,Retron III-A,chromosome,0.00030864197530864197
E1,Retron IV,chromosome,0.0007716049382716049
E1,Retron V,plasmid,0.0010802469135802468
E1,Retron VI,chromosome,0.00015432098765432098
E1,Retron XII,chromosome,0.0015432098765432098
E1,Retron XII,prophage in unknown,0.00015432098765432098
E1,RexAB,chromosome,0.0007716049382716049
E1,RexAB,prophage in chromosome,0.00015432098765432098
E1,RexAB,unknown,0.00015432098765432098
E1,RosmerTA,chromosome,0.0006172839506172839
E1,Septu,chromosome,0.00015432098765432098
E1,Septu I,chromosome,0.022222222222222223
E1,Septu I,plasmid,0.0006172839506172839
E1,Septu I,prophage in chromosome,0.001388888888888889
E1,Septu I,unknown,0.0021604938271604936
E1,Shango,chromosome,0.00015432098765432098
E1,Shedu,chromosome,0.0006172839506172839
E1,Shedu,plasmid,0.0007716049382716049
E1,Shedu,prophage in chromosome,0.0006172839506172839
E1,Shedu,unknown,0.00015432098765432098
E1,SoFic,chromosome,0.000462962962962963
E1,SspABCD,chromosome,0.00015432098765432098
E1,SspE,chromosome,0.00015432098765432098
E1,TIR-NLR,chromosome,0.00030864197530864197
E1,TIR-NLR,unknown,0.00015432098765432098
E1,Thoeris I,chromosome,0.00030864197530864197
E1,Viperin,chromosome,0.00030864197530864197
E1,Viperin,plasmid,0.0023148148148148147
E1,Zorya I,chromosome,0.000925925925925926
E1,Zorya I,prophage in unknown,0.00015432098765432098
E1,Zorya I,unknown,0.00015432098765432098
E1,Zorya II,chromosome,0.06265432098765432
E1,Zorya II,unknown,0.0032407407407407406
E1,cas_adaptation,chromosome,0.006172839506172839
E1,dCTPdeaminase,chromosome,0.000925925925925926
E1,dCTPdeaminase,prophage in chromosome,0.0006172839506172839
E1,dXTPase,chromosome,0.007407407407407408
E1,dXTPase,plasmid,0.0012345679012345679
E1,dXTPase,prophage in chromosome,0.0006172839506172839
E1,dXTPase,prophage in plasmid,0.0033950617283950617
E1,dXTPase,prophage in unknown,0.00015432098765432098
E1,dXTPase,unknown,0.0007716049382716049
E1,darTG,chromosome,0.004783950617283951
E1,dsr I,chromosome,0.0007716049382716049
E1,dsr I,prophage in chromosome,0.0015432098765432098
E1,dsr II,chromosome,0.00015432098765432098
E1,hhe,chromosome,0.002932098765432099
E1,hhe,prophage in chromosome,0.0006172839506172839
E1,hhe,unknown,0.00030864197530864197
E1,ietAS,chromosome,0.0049382716049382715
E1,ietAS,prophage in chromosome,0.0023148148148148147
E1,ietAS,unknown,0.00030864197530864197
E1,mza,chromosome,0.001851851851851852
E1,old,chromosome,0.0006172839506172839
E1,old,prophage in chromosome,0.0006172839506172839
E1,ppl,chromosome,0.0010802469135802468
E1,ppl,plasmid,0.002623456790123457
E1,ppl,unknown,0.00015432098765432098
E1,qatABCD,chromosome,0.0038580246913580245
E1,qatABCD,unknown,0.00015432098765432098
E1,tin,chromosome,0.0006172839506172839
E1,tin,prophage in chromosome,0.0007716049382716049
E1,tin,prophage in unknown,0.00030864197530864197
E1,tmn,chromosome,0.000925925925925926
E1,tmn,plasmid,0.005246913580246914
E1,tmn,unknown,0.0007716049382716049
E1,upx,chromosome,0.00015432098765432098
E2,AbiD,plasmid,0.0012698412698412698
E2,AbiD,unknown,0.00021164021164021165
E2,AbiE,plasmid,0.00010582010582010582
E2,AbiE,unknown,0.00010582010582010582
E2,AbiL,plasmid,0.00021164021164021165
E2,AbiL,unknown,0.00010582010582010582
E2,AbiQ,chromosome,0.00010582010582010582
E2,AbiQ,plasmid,0.004232804232804233
E2,AbiQ,unknown,0.00031746031746031746
E2,BstA,chromosome,0.0007407407407407407
E2,BstA,prophage in chromosome,0.0007407407407407407
E2,BstA,prophage in unknown,0.00031746031746031746
E2,CBASS I,chromosome,0.00031746031746031746
E2,CBASS II,chromosome,0.0004232804232804233
E2,CBASS II,unknown,0.00010582010582010582
E2,CRISPR I-E,chromosome,0.11915343915343915
E2,CRISPR I-E,unknown,0.02656084656084656
E2,DRT I,chromosome,0.00010582010582010582
E2,DRT II,chromosome,0.00021164021164021165
E2,Dnd_ABCDE,chromosome,0.0010582010582010583
E2,Dnd_ABCDE,unknown,0.0006349206349206349
E2,Dnd_FGH,chromosome,0.0010582010582010583
E2,Dnd_FGH,unknown,0.0006349206349206349
E2,Druantia III,chromosome,0.09576719576719576
E2,Druantia III,unknown,0.021375661375661374
E2,Gabija,chromosome,0.00010582010582010582
E2,Gabija,unknown,0.00010582010582010582
E2,Hachiman I,chromosome,0.00010582010582010582
E2,Helicase-DUF2290,plasmid,0.00010582010582010582
E2,Kiwa,chromosome,0.0007407407407407407
E2,Kiwa,unknown,0.00031746031746031746
E2,Lamassu-Fam,chromosome,0.00010582010582010582
E2,Lamassu-Fam,unknown,0.0006349206349206349
E2,Mokosh II,chromosome,0.00021164021164021165
E2,PifA,chromosome,0.0032804232804232803
E2,PifA,unknown,0.0015873015873015873
E2,PrrC,chromosome,0.00010582010582010582
E2,PsyrTA,chromosome,0.048994708994708994
E2,PsyrTA,unknown,0.017566137566137566
E2,RM I,chromosome,0.12666666666666668
E2,RM I,plasmid,0.00010582010582010582
E2,RM I,unknown,0.02783068783068783
E2,RM II,chromosome,0.1493121693121693
E2,RM II,plasmid,0.0020105820105820104
E2,RM II,prophage in chromosome,0.002328042328042328
E2,RM II,prophage in unknown,0.0017989417989417989
E2,RM II,unknown,0.030476190476190476
E2,RM IIG,chromosome,0.11788359788359788
E2,RM IIG,prophage in chromosome,0.00010582010582010582
E2,RM IIG,unknown,0.02603174603174603
E2,RM III,unknown,0.00010582010582010582
E2,RM IV,chromosome,0.001164021164021164
E2,RM IV,unknown,0.0007407407407407407
E2,Retron II-A,chromosome,0.00021164021164021165
E2,Retron IV,chromosome,0.00010582010582010582
E2,Retron V,plasmid,0.0004232804232804233
E2,Retron V,unknown,0.00010582010582010582
E2,RosmerTA,chromosome,0.0008465608465608466
E2,RosmerTA,prophage in chromosome,0.00010582010582010582
E2,RosmerTA,prophage in unknown,0.00031746031746031746
E2,RosmerTA,unknown,0.0007407407407407407
E2,SoFic,chromosome,0.0005291005291005291
E2,SoFic,unknown,0.00031746031746031746
E2,Zorya I,chromosome,0.00582010582010582
E2,Zorya I,unknown,0.0008465608465608466
E2,Zorya II,chromosome,0.11555555555555555
E2,Zorya II,unknown,0.024761904761904763
E2,dCTPdeaminase,chromosome,0.0009523809523809524
E2,dCTPdeaminase,prophage in chromosome,0.00010582010582010582
E2,dCTPdeaminase,prophage in unknown,0.00010582010582010582
E2,dCTPdeaminase,unknown,0.0009523809523809524
E2,dXTPase,chromosome,0.0010582010582010583
E2,dXTPase,prophage in unknown,0.00010582010582010582
E2,dXTPase,unknown,0.0004232804232804233
E2,darTG,chromosome,0.00708994708994709
E2,darTG,unknown,0.001164021164021164
E2,dsr I,chromosome,0.0004232804232804233
E2,dsr I,prophage in chromosome,0.00010582010582010582
E2,dsr I,unknown,0.00010582010582010582
E2,qatABCD,chromosome,0.00031746031746031746
unassigned,2TM-1TM-TIR,chromosome,3.8255547054322874e-05
unassigned,2TM-1TM-TIR,prophage in chromosome,7.651109410864575e-05
unassigned,3HP,chromosome,0.0004590665646518745
unassigned,3HP,prophage in chromosome,0.00019127773527161438
unassigned,3HP,unknown,7.651109410864575e-05
unassigned,AVAST II,chromosome,0.0029839326702371842
unassigned,AVAST II,plasmid,0.0001530221882172915
unassigned,AVAST II,prophage in chromosome,3.8255547054322874e-05
unassigned,AVAST II,unknown,0.00022953328232593726
unassigned,AVAST III,chromosome,3.8255547054322874e-05
unassigned,AVAST III,unknown,7.651109410864575e-05
unassigned,AVAST IV,chromosome,0.0034812547819433816
unassigned,AVAST IV,plasmid,0.0004973221117061974
unassigned,AVAST IV,prophage in chromosome,3.8255547054322874e-05
unassigned,AVAST IV,prophage in plasmid,0.0001530221882172915
unassigned,AVAST IV,prophage in unknown,3.8255547054322874e-05
unassigned,AVAST IV,unknown,0.00042081101759755166
unassigned,AVAST V,plasmid,3.8255547054322874e-05
unassigned,AbiD,chromosome,0.006082631981637337
unassigned,AbiD,plasmid,0.0004973221117061974
unassigned,AbiD,prophage in chromosome,0.00038255547054322876
unassigned,AbiD,unknown,0.00019127773527161438
unassigned,AbiE,chromosome,0.04892884468247896
unassigned,AbiE,plasmid,0.00042081101759755166
unassigned,AbiE,unknown,0.0025248661055853098
unassigned,AbiEii,unknown,3.8255547054322874e-05
unassigned,AbiH,chromosome,0.0006503442999234889
unassigned,AbiH,prophage in chromosome,0.000306044376434583
unassigned,AbiH,unknown,7.651109410864575e-05
unassigned,AbiL,chromosome,0.00026778882938026014
unassigned,AbiL,plasmid,0.0008033664881407804
unassigned,AbiL,prophage in chromosome,0.00011476664116296863
unassigned,AbiL,unknown,0.00011476664116296863
unassigned,AbiQ,plasmid,0.00019127773527161438
unassigned,AbiQ,unknown,3.8255547054322874e-05
unassigned,AbiU,chromosome,0.0016067329762815608
unassigned,AbiU,plasmid,7.651109410864575e-05
unassigned,AbiU,prophage in chromosome,0.00038255547054322876
unassigned,AbiU,unknown,0.0001530221882172915
unassigned,ApeA,chromosome,0.0013771996939556236
unassigned,ApeA,plasmid,0.0005355776587605203
unassigned,Argonaute II,chromosome,3.8255547054322874e-05
unassigned,BREX,chromosome,3.8255547054322874e-05
unassigned,BREX I,chromosome,0.0033282325937260904
unassigned,BREX I,plasmid,0.0009946442234123947
unassigned,BREX I,unknown,0.00022953328232593726
unassigned,Borvo,chromosome,0.0003442999234889059
unassigned,BstA,chromosome,0.0020275439938791124
unassigned,BstA,prophage in chromosome,0.004552410099464423
unassigned,BstA,prophage in unknown,0.00026778882938026014
unassigned,BstA,unknown,7.651109410864575e-05
unassigned,CBASS I,chromosome,0.008454475899005356
unassigned,CBASS I,plasmid,0.011629686304514155
unassigned,CBASS I,prophage in chromosome,0.0003442999234889059
unassigned,CBASS I,prophage in plasmid,3.8255547054322874e-05
unassigned,CBASS I,prophage in unknown,7.651109410864575e-05
unassigned,CBASS I,unknown,0.001836266258607498
unassigned,CBASS II,chromosome,0.000612088752869166
unassigned,CBASS II,plasmid,0.00019127773527161438
unassigned,CBASS II,unknown,0.00019127773527161438
unassigned,CRISPR,chromosome,7.651109410864575e-05
unassigned,CRISPR I-E,chromosome,0.10195103289977046
unassigned,CRISPR I-E,unknown,0.008416220351951033
unassigned,CRISPR I-F,chromosome,0.0007268553940321347
unassigned,CRISPR I-F,unknown,7.651109410864575e-05
unassigned,DRT I,chromosome,0.0011094108645753635
unassigned,DRT I,prophage in chromosome,0.0004590665646518745
unassigned,DRT I,prophage in plasmid,3.8255547054322874e-05
unassigned,DRT I,unknown,7.651109410864575e-05
unassigned,DRT II,chromosome,0.0025631216526396327
unassigned,DRT II,plasmid,0.0001530221882172915
unassigned,DRT II,prophage in chromosome,0.0004973221117061974
unassigned,DRT II,prophage in unknown,0.0001530221882172915
unassigned,DRT II,unknown,0.0001530221882172915
unassigned,DRT III,chromosome,0.035042081101759756
unassigned,DRT III,unknown,0.0019127773527161439
unassigned,DUF4238,chromosome,0.0001530221882172915
unassigned,DUF4238,prophage in chromosome,7.651109410864575e-05
unassigned,Dnd_ABCDE,chromosome,0.01289211935730681
unassigned,Dnd_ABCDE,unknown,0.0005355776587605203
unassigned,Dnd_FGH,chromosome,0.01262433052792655
unassigned,Dnd_FGH,unknown,0.0005355776587605203
unassigned,Dpd,chromosome,0.0011476664116296864
unassigned,Dpd,unknown,0.00026778882938026014
unassigned,DprA-PRTase,chromosome,0.00042081101759755166
unassigned,DprA-PRTase,prophage in chromosome,0.00038255547054322876
unassigned,DprA-PRTase,prophage in unknown,3.8255547054322874e-05
unassigned,DprA-PRTase,unknown,7.651109410864575e-05
unassigned,Druantia I,chromosome,0.0012624330527926549
unassigned,Druantia I,unknown,0.0003442999234889059
unassigned,Druantia III,chromosome,0.025554705432287682
unassigned,Druantia III,unknown,0.002869166029074216
unassigned,Dynamins,chromosome,0.000306044376434583
unassigned,Dynamins,unknown,0.0001530221882172915
unassigned,GAO_19,chromosome,0.001568477429227238
unassigned,GAO_19,plasmid,0.0008798775822494261
unassigned,GAO_19,prophage in chromosome,0.0004973221117061974
unassigned,GAO_19,prophage in unknown,7.651109410864575e-05
unassigned,GAO_19,unknown,0.0001530221882172915
unassigned,GAO_29,chromosome,3.8255547054322874e-05
unassigned,Gabija,chromosome,0.003940321346595256
unassigned,Gabija,plasmid,0.022226472838561592
unassigned,Gabija,unknown,0.0020657995409334353
unassigned,Hachiman I,chromosome,0.0025631216526396327
unassigned,Hachiman I,unknown,0.00042081101759755166
unassigned,Helicase-DUF2290,chromosome,0.00042081101759755166
unassigned,Hydrolase-TM,chromosome,3.8255547054322874e-05
unassigned,Hydrolase-TM,unknown,3.8255547054322874e-05
unassigned,Kiwa,chromosome,0.01713848508033665
unassigned,Kiwa,plasmid,0.00011476664116296863
unassigned,Kiwa,prophage in chromosome,0.0022953328232593728
unassigned,Kiwa,prophage in unknown,0.00026778882938026014
unassigned,Kiwa,unknown,0.0006885998469778118
unassigned,Lamassu I,chromosome,0.00042081101759755166
unassigned,Lamassu I,prophage in chromosome,0.00011476664116296863
unassigned,Lamassu II,chromosome,7.651109410864575e-05
unassigned,Lamassu II,unknown,3.8255547054322874e-05
unassigned,Lamassu-Fam,chromosome,0.00019127773527161438
unassigned,Lamassu-Fam,unknown,7.651109410864575e-05
unassigned,Lit,chromosome,7.651109410864575e-05
unassigned,Lit,prophage in chromosome,0.00019127773527161438
unassigned,Lit,prophage in unknown,7.651109410864575e-05
unassigned,Menshen,chromosome,7.651109410864575e-05
unassigned,Menshen,unknown,3.8255547054322874e-05
unassigned,Mokosh I,chromosome,7.651109410864575e-05
unassigned,Mokosh II,chromosome,0.005394032134659526
unassigned,Mokosh II,unknown,0.0007651109410864575
unassigned,PARIS,chromosome,0.0009563886763580719
unassigned,PARIS,plasmid,0.0001530221882172915
unassigned,PARIS,prophage in chromosome,0.0007651109410864575
unassigned,PARIS,prophage in unknown,7.651109410864575e-05
unassigned,PARIS,unknown,0.00011476664116296863
unassigned,PARIS II,chromosome,3.8255547054322874e-05
unassigned,PifA,chromosome,0.00038255547054322876
unassigned,PifA,plasmid,0.005202754399387911
unassigned,PifA,unknown,0.0004973221117061974
unassigned,PrrC,chromosome,0.0032899770466717675
unassigned,PrrC,plasmid,3.8255547054322874e-05
unassigned,PrrC,prophage in chromosome,3.8255547054322874e-05
unassigned,PrrC,unknown,0.00019127773527161438
unassigned,PsyrTA,chromosome,0.001568477429227238
unassigned,PsyrTA,prophage in chromosome,3.8255547054322874e-05
unassigned,PsyrTA,unknown,0.00022953328232593726
unassigned,Pycsar,chromosome,0.00019127773527161438
unassigned,Pycsar,plasmid,3.8255547054322874e-05
unassigned,Pycsar,prophage in chromosome,3.8255547054322874e-05
unassigned,RADAR,chromosome,0.00026778882938026014
unassigned,RADAR,unknown,3.8255547054322874e-05
unassigned,RM I,chromosome,0.14908186687069624
unassigned,RM I,plasmid,0.006618209640397858
unassigned,RM I,prophage in chromosome,0.00042081101759755166
unassigned,RM I,prophage in plasmid,0.0033664881407804133
unassigned,RM I,prophage in unknown,0.00011476664116296863
unassigned,RM I,unknown,0.011514919663351187
unassigned,RM II,chromosome,0.1421193573068095
unassigned,RM II,plasmid,0.01128538638102525
unassigned,RM II,prophage in chromosome,0.0041698546289211935
unassigned,RM II,prophage in unknown,0.0004590665646518745
unassigned,RM II,unknown,0.012968630451415455
unassigned,RM IIG,chromosome,0.0162203519510329
unassigned,RM IIG,plasmid,0.0001530221882172915
unassigned,RM IIG,prophage in chromosome,3.8255547054322874e-05
unassigned,RM IIG,unknown,0.0014537107880642694
unassigned,RM III,chromosome,0.011132364192807958
unassigned,RM III,plasmid,0.002448355011476664
unassigned,RM III,prophage in chromosome,0.00011476664116296863
unassigned,RM III,prophage in plasmid,0.0016449885233358837
unassigned,RM III,prophage in unknown,7.651109410864575e-05
unassigned,RM III,unknown,0.0008416220351951033
unassigned,RM IV,chromosome,0.07123182861514919
unassigned,RM IV,prophage in chromosome,0.002486610558530987
unassigned,RM IV,prophage in unknown,0.0007651109410864575
unassigned,RM IV,unknown,0.0090283091048202
unassigned,Retron I-A,chromosome,7.651109410864575e-05
unassigned,Retron I-B,chromosome,0.0013389441469013007
unassigned,Retron I-B,prophage in chromosome,7.651109410864575e-05
unassigned,Retron I-B,prophage in unknown,3.8255547054322874e-05
unassigned,Retron I-B,unknown,0.00022953328232593726
unassigned,Retron I-C,chromosome,0.00026778882938026014
unassigned,Retron I-C,prophage in chromosome,0.0005738332058148432
unassigned,Retron I-C,prophage in unknown,3.8255547054322874e-05
unassigned,Retron I-C,unknown,0.00022953328232593726
unassigned,Retron II-A,chromosome,0.002448355011476664
unassigned,Retron II-A,unknown,0.000612088752869166
unassigned,Retron III-A,unknown,3.8255547054322874e-05
unassigned,Retron IV,chromosome,0.00022953328232593726
unassigned,Retron IV,prophage in chromosome,0.001530221882172915
unassigned,Retron IV,prophage in unknown,7.651109410864575e-05
unassigned,Retron IV,unknown,7.651109410864575e-05
unassigned,Retron V,plasmid,0.0003442999234889059
unassigned,Retron V,unknown,7.651109410864575e-05
unassigned,Retron VI,chromosome,0.000306044376434583
unassigned,Retron VI,unknown,0.00011476664116296863
unassigned,Retron XII,chromosome,0.0016832440703902067
unassigned,Retron XII,prophage in chromosome,0.0001530221882172915
unassigned,Retron XII,unknown,7.651109410864575e-05
unassigned,RexAB,chromosome,0.0004590665646518745
unassigned,RexAB,plasmid,7.651109410864575e-05
unassigned,RexAB,prophage in chromosome,0.0004973221117061974
unassigned,RexAB,prophage in unknown,3.8255547054322874e-05
unassigned,RosmerTA,chromosome,0.00038255547054322876
unassigned,RosmerTA,prophage in chromosome,7.651109410864575e-05
unassigned,SEFIR,chromosome,3.8255547054322874e-05
unassigned,SEFIR,plasmid,0.0001530221882172915
unassigned,SEFIR,unknown,3.8255547054322874e-05
unassigned,Septu I,chromosome,0.032861514919663354
unassigned,Septu I,plasmid,7.651109410864575e-05
unassigned,Septu I,prophage in chromosome,0.0006503442999234889
unassigned,Septu I,unknown,0.0020275439938791124
unassigned,Shango,chromosome,0.0005355776587605203
unassigned,Shedu,chromosome,0.002869166029074216
unassigned,Shedu,plasmid,0.0006503442999234889
unassigned,Shedu,prophage in chromosome,0.0008033664881407804
unassigned,Shedu,prophage in unknown,0.00011476664116296863
unassigned,Shedu,unknown,0.00022953328232593726
unassigned,ShosTA,chromosome,3.8255547054322874e-05
unassigned,SoFic,chromosome,0.0003442999234889059
unassigned,SspABCD,chromosome,0.0006885998469778118
unassigned,SspE,chromosome,0.00011476664116296863
unassigned,SspE,unknown,3.8255547054322874e-05
unassigned,TIR-NLR,chromosome,0.0022953328232593728
unassigned,TerY-P,chromosome,3.8255547054322874e-05
unassigned,Thoeris I,chromosome,0.004934965570007651
unassigned,Thoeris I,plasmid,7.651109410864575e-05
unassigned,Thoeris I,prophage in chromosome,0.00022953328232593726
unassigned,Thoeris I,unknown,0.00022953328232593726
unassigned,Viperin,chromosome,0.00011476664116296863
unassigned,Viperin,plasmid,0.00038255547054322876
unassigned,Viperin,unknown,3.8255547054322874e-05
unassigned,Wadjet I,chromosome,0.0012624330527926549
unassigned,Wadjet I,unknown,7.651109410864575e-05
unassigned,Zorya I,chromosome,0.0019510328997704668
unassigned,Zorya I,unknown,0.0001530221882172915
unassigned,Zorya II,chromosome,0.013198163733741393
unassigned,Zorya II,unknown,0.0012624330527926549
unassigned,cas_adaptation,chromosome,0.00019127773527161438
unassigned,cas_adaptation,unknown,3.8255547054322874e-05
unassigned,dCTPdeaminase,chromosome,0.00042081101759755166
unassigned,dCTPdeaminase,prophage in chromosome,7.651109410864575e-05
unassigned,dCTPdeaminase,prophage in unknown,3.8255547054322874e-05
unassigned,dCTPdeaminase,unknown,3.8255547054322874e-05
unassigned,dGTPase,plasmid,3.8255547054322874e-05
unassigned,dXTPase,chromosome,0.006426931905126243
unassigned,dXTPase,plasmid,0.0008033664881407804
unassigned,dXTPase,prophage in chromosome,0.00038255547054322876
unassigned,dXTPase,prophage in plasmid,0.0017980107115531752
unassigned,dXTPase,prophage in unknown,7.651109410864575e-05
unassigned,dXTPase,unknown,0.0004590665646518745
unassigned,darTG,chromosome,0.004705432287681714
unassigned,darTG,prophage in chromosome,3.8255547054322874e-05
unassigned,darTG,unknown,0.0001530221882172915
unassigned,dsr I,chromosome,0.0009946442234123947
unassigned,dsr I,prophage in chromosome,0.0007651109410864575
unassigned,dsr I,unknown,7.651109410864575e-05
unassigned,gop_beta_cll,chromosome,0.0013771996939556236
unassigned,gop_beta_cll,unknown,3.8255547054322874e-05
unassigned,hhe,chromosome,0.0014919663351185921
unassigned,hhe,plasmid,0.0001530221882172915
unassigned,hhe,prophage in chromosome,7.651109410864575e-05
unassigned,hhe,unknown,3.8255547054322874e-05
unassigned,hma,chromosome,3.8255547054322874e-05
unassigned,ietAS,chromosome,0.004743687834736037
unassigned,ietAS,plasmid,3.8255547054322874e-05
unassigned,ietAS,prophage in chromosome,0.0076893649579188985
unassigned,ietAS,prophage in unknown,0.0003442999234889059
unassigned,ietAS,unknown,0.00022953328232593726
unassigned,mza,chromosome,0.00026778882938026014
unassigned,mza,unknown,3.8255547054322874e-05
unassigned,old,chromosome,0.0008416220351951033
unassigned,old,prophage in chromosome,0.0007651109410864575
unassigned,old,prophage in unknown,7.651109410864575e-05
unassigned,old,unknown,0.00019127773527161438
unassigned,ppl,chromosome,0.0001530221882172915
unassigned,ppl,plasmid,0.00279265493496557
unassigned,ppl,prophage in chromosome,3.8255547054322874e-05
unassigned,qatABCD,chromosome,0.0033282325937260904
unassigned,qatABCD,unknown,0.0005355776587605203
unassigned,tin,chromosome,0.0008033664881407804
unassigned,tin,prophage in chromosome,0.0006885998469778118
unassigned,tin,prophage in unknown,7.651109410864575e-05
unassigned,tin,unknown,0.0001530221882172915
unassigned,tmn,chromosome,0.000612088752869166
unassigned,tmn,plasmid,0.013236419280795716
unassigned,tmn,unknown,0.0008033664881407804
unassigned,upx,chromosome,7.651109410864575e-05
